수집시간,지역명,API지역명,혼잡도,혼잡도메시지,최소인구,최대인구,업데이트시간,중앙추정인구
2026-07-07 09:41:17,DDP(동대문디자인플라자),DDP(동대문디자인플라자),여유,사람이 몰려있을 가능성이 낮고 붐빔은 거의 느껴지지 않아요. 도보 이동이 자유로워요.,5500,6000,2026-07-07 09:10,5750.0
2026-07-07 09:41:17,DMC(디지털미디어시티),DMC(디지털미디어시티),보통,사람이 몰려있을 수 있지만 크게 붐비지는 않아요. 도보 이동에 큰 제약이 없어요.,36000,38000,2026-07-07 09:10,37000.0
2026-07-07 09:41:17,가락시장,가락시장,보통,사람이 몰려있을 수 있지만 크게 붐비지는 않아요. 도보 이동에 큰 제약이 없어요.,10000,12000,2026-07-07 09:10,11000.0
2026-07-07 09:41:17,가로수길,가로수길,보통,사람이 몰려있을 수 있지만 크게 붐비지는 않아요. 도보 이동에 큰 제약이 없어요.,22000,24000,2026-07-07 09:10,23000.0
2026-07-07 09:41:17,가산디지털단지역,가산디지털단지역,약간 붐빔,사람들이 몰려있을 가능성이 크고 붐빈다고 느낄 수 있어요. 인구밀도가 높은 구간에서는 도보 이동시 부딪힘이 발생할 수 있어요.,32000,34000,2026-07-07 09:10,33000.0
2026-07-07 09:41:17,강남 MICE 관광특구,강남 MICE 관광특구,약간 붐빔,사람들이 몰려있을 가능성이 크고 붐빈다고 느낄 수 있어요. 인구밀도가 높은 구간에서는 도보 이동시 부딪힘이 발생할 수 있어요.,16000,18000,2026-07-07 09:10,17000.0
2026-07-07 09:41:17,강남역,강남역,보통,사람이 몰려있을 수 있지만 크게 붐비지는 않아요. 도보 이동에 큰 제약이 없어요.,62000,64000,2026-07-07 09:10,63000.0
2026-07-07 09:41:17,강서한강공원,강서한강공원,여유,사람이 몰려있을 가능성이 낮고 붐빔은 거의 느껴지지 않아요. 도보 이동이 자유로워요.,100,200,2026-07-07 09:10,150.0
2026-07-07 09:41:17,건대입구역,건대입구역,여유,사람이 몰려있을 가능성이 낮고 붐빔은 거의 느껴지지 않아요. 도보 이동이 자유로워요.,22000,24000,2026-07-07 09:10,23000.0
2026-07-07 09:41:17,경복궁,경복궁,여유,사람이 몰려있을 가능성이 낮고 붐빔은 거의 느껴지지 않아요. 도보 이동이 자유로워요.,1000,1500,2026-07-07 09:10,1250.0
2026-07-07 09:41:17,고덕역,고덕역,여유,사람이 몰려있을 가능성이 낮고 붐빔은 거의 느껴지지 않아요. 도보 이동이 자유로워요.,2000,2500,2026-07-07 09:10,2250.0
2026-07-07 09:41:17,고속터미널역,고속터미널역,여유,사람이 몰려있을 가능성이 낮고 붐빔은 거의 느껴지지 않아요. 도보 이동이 자유로워요.,10000,12000,2026-07-07 09:10,11000.0
2026-07-07 09:41:17,고척돔,고척돔,여유,사람이 몰려있을 가능성이 낮고 붐빔은 거의 느껴지지 않아요. 도보 이동이 자유로워요.,1000,1500,2026-07-07 09:10,1250.0
2026-07-07 09:41:17,광나루한강공원,광나루한강공원,보통,사람이 몰려있을 수 있지만 크게 붐비지는 않아요. 도보 이동에 큰 제약이 없어요.,4500,5000,2026-07-07 09:10,4750.0
2026-07-07 09:41:17,광장(전통)시장,광장(전통)시장,여유,사람이 몰려있을 가능성이 낮고 붐빔은 거의 느껴지지 않아요. 도보 이동이 자유로워요.,3500,4000,2026-07-07 09:10,3750.0
2026-07-07 09:41:17,광화문·덕수궁,광화문·덕수궁,약간 붐빔,사람들이 몰려있을 가능성이 크고 붐빈다고 느낄 수 있어요. 인구밀도가 높은 구간에서는 도보 이동시 부딪힘이 발생할 수 있어요.,38000,40000,2026-07-07 09:10,39000.0
2026-07-07 09:41:17,광화문광장,광화문광장,약간 붐빔,사람들이 몰려있을 가능성이 크고 붐빈다고 느낄 수 있어요. 인구밀도가 높은 구간에서는 도보 이동시 부딪힘이 발생할 수 있어요.,7500,8000,2026-07-07 09:10,7750.0
2026-07-07 09:41:17,교대역,교대역,약간 붐빔,사람들이 몰려있을 가능성이 크고 붐빈다고 느낄 수 있어요. 인구밀도가 높은 구간에서는 도보 이동시 부딪힘이 발생할 수 있어요.,18000,20000,2026-07-07 09:10,19000.0
2026-07-07 09:41:17,구로디지털단지역,구로디지털단지역,약간 붐빔,사람들이 몰려있을 가능성이 크고 붐빈다고 느낄 수 있어요. 인구밀도가 높은 구간에서는 도보 이동시 부딪힘이 발생할 수 있어요.,26000,28000,2026-07-07 09:10,27000.0
2026-07-07 09:41:17,구로역,구로역,보통,사람이 몰려있을 수 있지만 크게 붐비지는 않아요. 도보 이동에 큰 제약이 없어요.,3000,3500,2026-07-07 09:10,3250.0
2026-07-07 09:41:17,국립중앙박물관·용산가족공원,국립중앙박물관·용산가족공원,보통,사람이 몰려있을 수 있지만 크게 붐비지는 않아요. 도보 이동에 큰 제약이 없어요.,2000,2500,2026-07-07 09:10,2250.0
2026-07-07 09:41:17,군자역,군자역,여유,사람이 몰려있을 가능성이 낮고 붐빔은 거의 느껴지지 않아요. 도보 이동이 자유로워요.,5500,6000,2026-07-07 09:10,5750.0
2026-07-07 09:41:17,김포공항,김포공항,보통,사람이 몰려있을 수 있지만 크게 붐비지는 않아요. 도보 이동에 큰 제약이 없어요.,5500,6000,2026-07-07 09:10,5750.0
2026-07-07 09:41:17,난지한강공원,난지한강공원,여유,사람이 몰려있을 가능성이 낮고 붐빔은 거의 느껴지지 않아요. 도보 이동이 자유로워요.,1000,1500,2026-07-07 09:10,1250.0
2026-07-07 09:41:17,남대문시장,남대문시장,보통,사람이 몰려있을 수 있지만 크게 붐비지는 않아요. 도보 이동에 큰 제약이 없어요.,12000,14000,2026-07-07 09:10,13000.0
2026-07-07 09:41:17,남산공원,남산공원,여유,사람이 몰려있을 가능성이 낮고 붐빔은 거의 느껴지지 않아요. 도보 이동이 자유로워요.,10000,12000,2026-07-07 09:10,11000.0
2026-07-07 09:41:17,노들섬,노들섬,여유,사람이 몰려있을 가능성이 낮고 붐빔은 거의 느껴지지 않아요. 도보 이동이 자유로워요.,400,500,2026-07-07 09:10,450.0
2026-07-07 09:41:17,노량진,노량진,보통,사람이 몰려있을 수 있지만 크게 붐비지는 않아요. 도보 이동에 큰 제약이 없어요.,20000,22000,2026-07-07 09:10,21000.0
2026-07-07 09:41:17,대림역,대림역,여유,사람이 몰려있을 가능성이 낮고 붐빔은 거의 느껴지지 않아요. 도보 이동이 자유로워요.,16000,18000,2026-07-07 09:10,17000.0
2026-07-07 09:41:17,덕수궁길·정동길,덕수궁길·정동길,여유,사람이 몰려있을 가능성이 낮고 붐빔은 거의 느껴지지 않아요. 도보 이동이 자유로워요.,4500,5000,2026-07-07 09:10,4750.0
2026-07-07 09:41:17,동대문 관광특구,동대문 관광특구,보통,사람이 몰려있을 수 있지만 크게 붐비지는 않아요. 도보 이동에 큰 제약이 없어요.,26000,28000,2026-07-07 09:10,27000.0
2026-07-07 09:41:17,동대문역,동대문역,보통,사람이 몰려있을 수 있지만 크게 붐비지는 않아요. 도보 이동에 큰 제약이 없어요.,7000,7500,2026-07-07 09:10,7250.0
2026-07-07 09:41:17,뚝섬역,뚝섬역,여유,사람이 몰려있을 가능성이 낮고 붐빔은 거의 느껴지지 않아요. 도보 이동이 자유로워요.,8000,8500,2026-07-07 09:10,8250.0
2026-07-07 09:41:17,뚝섬한강공원,뚝섬한강공원,여유,사람이 몰려있을 가능성이 낮고 붐빔은 거의 느껴지지 않아요. 도보 이동이 자유로워요.,3000,3500,2026-07-07 09:10,3250.0
2026-07-07 09:41:17,망원한강공원,망원한강공원,보통,사람이 몰려있을 수 있지만 크게 붐비지는 않아요. 도보 이동에 큰 제약이 없어요.,1500,2000,2026-07-07 09:10,1750.0
2026-07-07 09:41:17,명동 관광특구,명동 관광특구,약간 붐빔,사람들이 몰려있을 가능성이 크고 붐빈다고 느낄 수 있어요. 인구밀도가 높은 구간에서는 도보 이동시 부딪힘이 발생할 수 있어요.,80000,82000,2026-07-07 09:10,81000.0
2026-07-07 09:41:17,미아사거리역,미아사거리역,여유,사람이 몰려있을 가능성이 낮고 붐빔은 거의 느껴지지 않아요. 도보 이동이 자유로워요.,8000,8500,2026-07-07 09:10,8250.0
2026-07-07 09:41:17,반포한강공원,반포한강공원,여유,사람이 몰려있을 가능성이 낮고 붐빔은 거의 느껴지지 않아요. 도보 이동이 자유로워요.,2000,2500,2026-07-07 09:10,2250.0
2026-07-07 09:41:17,발산역,발산역,여유,사람이 몰려있을 가능성이 낮고 붐빔은 거의 느껴지지 않아요. 도보 이동이 자유로워요.,6500,7000,2026-07-07 09:10,6750.0
2026-07-07 09:41:17,보라매공원,보라매공원,붐빔,사람들이 몰려있을 가능성이 매우 크고 많이 붐빈다고 느낄 수 있어요. 인구밀도가 높은 구간에서는 도보 이동시 부딪힘이 발생할 수 있어요.,4000,4500,2026-07-07 09:10,4250.0
2026-07-07 09:41:17,보신각,보신각,약간 붐빔,사람들이 몰려있을 가능성이 크고 붐빈다고 느낄 수 있어요. 인구밀도가 높은 구간에서는 도보 이동시 부딪힘이 발생할 수 있어요.,14000,16000,2026-07-07 09:10,15000.0
2026-07-07 09:41:17,북서울꿈의숲,북서울꿈의숲,여유,사람이 몰려있을 가능성이 낮고 붐빔은 거의 느껴지지 않아요. 도보 이동이 자유로워요.,4500,5000,2026-07-07 09:10,4750.0
2026-07-07 09:41:17,북창동 먹자골목,북창동 먹자골목,약간 붐빔,사람들이 몰려있을 가능성이 크고 붐빈다고 느낄 수 있어요. 인구밀도가 높은 구간에서는 도보 이동시 부딪힘이 발생할 수 있어요.,10000,12000,2026-07-07 09:10,11000.0
2026-07-07 09:41:17,북촌한옥마을,북촌한옥마을,여유,사람이 몰려있을 가능성이 낮고 붐빔은 거의 느껴지지 않아요. 도보 이동이 자유로워요.,12000,14000,2026-07-07 09:10,13000.0
2026-07-07 09:41:17,사당역,사당역,여유,사람이 몰려있을 가능성이 낮고 붐빔은 거의 느껴지지 않아요. 도보 이동이 자유로워요.,12000,14000,2026-07-07 09:10,13000.0
2026-07-07 09:41:17,삼각지역,삼각지역,여유,사람이 몰려있을 가능성이 낮고 붐빔은 거의 느껴지지 않아요. 도보 이동이 자유로워요.,1500,2000,2026-07-07 09:10,1750.0
2026-07-07 09:41:17,서대문독립공원,서대문독립공원,여유,사람이 몰려있을 가능성이 낮고 붐빔은 거의 느껴지지 않아요. 도보 이동이 자유로워요.,1000,1500,2026-07-07 09:10,1250.0
2026-07-07 09:41:17,서리풀공원·몽마르뜨공원,서리풀공원·몽마르뜨공원,보통,사람이 몰려있을 수 있지만 크게 붐비지는 않아요. 도보 이동에 큰 제약이 없어요.,6000,6500,2026-07-07 09:10,6250.0
2026-07-07 09:41:17,서울 암사동 유적,서울 암사동 유적,여유,사람이 몰려있을 가능성이 낮고 붐빔은 거의 느껴지지 않아요. 도보 이동이 자유로워요.,400,500,2026-07-07 09:10,450.0
2026-07-07 09:41:17,서울대공원,서울대공원,여유,사람이 몰려있을 가능성이 낮고 붐빔은 거의 느껴지지 않아요. 도보 이동이 자유로워요.,1000,1500,2026-07-07 09:10,1250.0
2026-07-07 09:41:17,서울대입구역,서울대입구역,여유,사람이 몰려있을 가능성이 낮고 붐빔은 거의 느껴지지 않아요. 도보 이동이 자유로워요.,8000,8500,2026-07-07 09:10,8250.0
2026-07-07 09:41:17,서울숲공원,서울숲공원,여유,사람이 몰려있을 가능성이 낮고 붐빔은 거의 느껴지지 않아요. 도보 이동이 자유로워요.,3000,3500,2026-07-07 09:10,3250.0
2026-07-07 09:41:17,서울식물원·마곡나루역,서울식물원·마곡나루역,보통,사람이 몰려있을 수 있지만 크게 붐비지는 않아요. 도보 이동에 큰 제약이 없어요.,7500,8000,2026-07-07 09:10,7750.0
2026-07-07 09:41:17,서울역,서울역,보통,사람이 몰려있을 수 있지만 크게 붐비지는 않아요. 도보 이동에 큰 제약이 없어요.,22000,24000,2026-07-07 09:10,23000.0
2026-07-07 09:41:17,서촌,서촌,보통,사람이 몰려있을 수 있지만 크게 붐비지는 않아요. 도보 이동에 큰 제약이 없어요.,12000,14000,2026-07-07 09:10,13000.0
2026-07-07 09:41:17,선릉역,선릉역,약간 붐빔,사람들이 몰려있을 가능성이 크고 붐빈다고 느낄 수 있어요. 인구밀도가 높은 구간에서는 도보 이동시 부딪힘이 발생할 수 있어요.,52000,54000,2026-07-07 09:10,53000.0
2026-07-07 09:41:17,성수카페거리,성수카페거리,보통,사람이 몰려있을 수 있지만 크게 붐비지는 않아요. 도보 이동에 큰 제약이 없어요.,26000,28000,2026-07-07 09:10,27000.0
2026-07-07 09:41:17,성신여대입구역,성신여대입구역,여유,사람이 몰려있을 가능성이 낮고 붐빔은 거의 느껴지지 않아요. 도보 이동이 자유로워요.,4500,5000,2026-07-07 09:10,4750.0
2026-07-07 09:41:17,송리단길·호수단길,송리단길·호수단길,여유,사람이 몰려있을 가능성이 낮고 붐빔은 거의 느껴지지 않아요. 도보 이동이 자유로워요.,5000,5500,2026-07-07 09:10,5250.0
2026-07-07 09:41:17,송현녹지광장,송현녹지광장,여유,사람이 몰려있을 가능성이 낮고 붐빔은 거의 느껴지지 않아요. 도보 이동이 자유로워요.,5500,6000,2026-07-07 09:10,5750.0
2026-07-07 09:41:17,수유역,수유역,여유,사람이 몰려있을 가능성이 낮고 붐빔은 거의 느껴지지 않아요. 도보 이동이 자유로워요.,9500,10000,2026-07-07 09:10,9750.0
2026-07-07 09:41:17,숭례문,숭례문,약간 붐빔,사람들이 몰려있을 가능성이 크고 붐빈다고 느낄 수 있어요. 인구밀도가 높은 구간에서는 도보 이동시 부딪힘이 발생할 수 있어요.,12000,14000,2026-07-07 09:10,13000.0
2026-07-07 09:41:17,시의회 앞,시의회 앞,약간 붐빔,사람들이 몰려있을 가능성이 크고 붐빈다고 느낄 수 있어요. 인구밀도가 높은 구간에서는 도보 이동시 부딪힘이 발생할 수 있어요.,10000,12000,2026-07-07 09:10,11000.0
2026-07-07 09:41:17,신논현역·논현역,신논현역·논현역,여유,사람이 몰려있을 가능성이 낮고 붐빔은 거의 느껴지지 않아요. 도보 이동이 자유로워요.,10000,12000,2026-07-07 09:10,11000.0
2026-07-07 09:41:17,신도림역,신도림역,보통,사람이 몰려있을 수 있지만 크게 붐비지는 않아요. 도보 이동에 큰 제약이 없어요.,8500,9000,2026-07-07 09:10,8750.0
2026-07-07 09:41:17,신림역,신림역,여유,사람이 몰려있을 가능성이 낮고 붐빔은 거의 느껴지지 않아요. 도보 이동이 자유로워요.,7000,7500,2026-07-07 09:10,7250.0
2026-07-07 09:41:17,신정네거리역,신정네거리역,여유,사람이 몰려있을 가능성이 낮고 붐빔은 거의 느껴지지 않아요. 도보 이동이 자유로워요.,1000,1500,2026-07-07 09:10,1250.0
2026-07-07 09:41:17,신촌 스타광장,신촌 스타광장,여유,사람이 몰려있을 가능성이 낮고 붐빔은 거의 느껴지지 않아요. 도보 이동이 자유로워요.,2000,2500,2026-07-07 09:10,2250.0
2026-07-07 09:41:17,신촌·이대역,신촌·이대역,여유,사람이 몰려있을 가능성이 낮고 붐빔은 거의 느껴지지 않아요. 도보 이동이 자유로워요.,26000,28000,2026-07-07 09:10,27000.0
2026-07-07 09:41:17,쌍문역,쌍문역,여유,사람이 몰려있을 가능성이 낮고 붐빔은 거의 느껴지지 않아요. 도보 이동이 자유로워요.,5500,6000,2026-07-07 09:10,5750.0
2026-07-07 09:41:17,아차산,아차산,보통,사람이 몰려있을 수 있지만 크게 붐비지는 않아요. 도보 이동에 큰 제약이 없어요.,5500,6000,2026-07-07 09:10,5750.0
2026-07-07 09:41:17,안양천,안양천,여유,사람이 몰려있을 가능성이 낮고 붐빔은 거의 느껴지지 않아요. 도보 이동이 자유로워요.,1000,1500,2026-07-07 09:10,1250.0
2026-07-07 09:41:17,압구정로데오거리,압구정로데오거리,여유,사람이 몰려있을 가능성이 낮고 붐빔은 거의 느껴지지 않아요. 도보 이동이 자유로워요.,22000,24000,2026-07-07 09:10,23000.0
2026-07-07 09:41:17,양재역,양재역,약간 붐빔,사람들이 몰려있을 가능성이 크고 붐빈다고 느낄 수 있어요. 인구밀도가 높은 구간에서는 도보 이동시 부딪힘이 발생할 수 있어요.,16000,18000,2026-07-07 09:10,17000.0
2026-07-07 09:41:17,양화한강공원,양화한강공원,여유,사람이 몰려있을 가능성이 낮고 붐빔은 거의 느껴지지 않아요. 도보 이동이 자유로워요.,700,800,2026-07-07 09:10,750.0
2026-07-07 09:41:17,어린이대공원,어린이대공원,여유,사람이 몰려있을 가능성이 낮고 붐빔은 거의 느껴지지 않아요. 도보 이동이 자유로워요.,3500,4000,2026-07-07 09:10,3750.0
2026-07-07 09:41:17,여의도,여의도,약간 붐빔,사람들이 몰려있을 가능성이 크고 붐빈다고 느낄 수 있어요. 인구밀도가 높은 구간에서는 도보 이동시 부딪힘이 발생할 수 있어요.,145000,150000,2026-07-07 09:10,147500.0
2026-07-07 09:41:17,여의도한강공원,여의도한강공원,여유,사람이 몰려있을 가능성이 낮고 붐빔은 거의 느껴지지 않아요. 도보 이동이 자유로워요.,3000,3500,2026-07-07 09:10,3250.0
2026-07-07 09:41:17,여의서로,여의서로,보통,사람이 몰려있을 수 있지만 크게 붐비지는 않아요. 도보 이동에 큰 제약이 없어요.,1000,1500,2026-07-07 09:10,1250.0
2026-07-07 09:41:17,역삼역,역삼역,약간 붐빔,사람들이 몰려있을 가능성이 크고 붐빈다고 느낄 수 있어요. 인구밀도가 높은 구간에서는 도보 이동시 부딪힘이 발생할 수 있어요.,36000,38000,2026-07-07 09:10,37000.0
2026-07-07 09:41:17,연남동,연남동,여유,사람이 몰려있을 가능성이 낮고 붐빔은 거의 느껴지지 않아요. 도보 이동이 자유로워요.,7000,7500,2026-07-07 09:10,7250.0
2026-07-07 09:41:17,연신내역,연신내역,여유,사람이 몰려있을 가능성이 낮고 붐빔은 거의 느껴지지 않아요. 도보 이동이 자유로워요.,5500,6000,2026-07-07 09:10,5750.0
2026-07-07 09:41:17,영등포 타임스퀘어,영등포 타임스퀘어,여유,사람이 몰려있을 가능성이 낮고 붐빔은 거의 느껴지지 않아요. 도보 이동이 자유로워요.,9500,10000,2026-07-07 09:10,9750.0
2026-07-07 09:41:17,오목교역·목동운동장,오목교역·목동운동장,여유,사람이 몰려있을 가능성이 낮고 붐빔은 거의 느껴지지 않아요. 도보 이동이 자유로워요.,58000,60000,2026-07-07 09:10,59000.0
2026-07-07 09:41:17,올림픽공원,올림픽공원,여유,사람이 몰려있을 가능성이 낮고 붐빔은 거의 느껴지지 않아요. 도보 이동이 자유로워요.,7000,7500,2026-07-07 09:10,7250.0
2026-07-07 09:41:17,왕십리역,왕십리역,여유,사람이 몰려있을 가능성이 낮고 붐빔은 거의 느껴지지 않아요. 도보 이동이 자유로워요.,18000,20000,2026-07-07 09:10,19000.0
2026-07-07 09:41:17,용리단길,용리단길,여유,사람이 몰려있을 가능성이 낮고 붐빔은 거의 느껴지지 않아요. 도보 이동이 자유로워요.,5000,5500,2026-07-07 09:10,5250.0
2026-07-07 09:41:17,용산역,용산역,여유,사람이 몰려있을 가능성이 낮고 붐빔은 거의 느껴지지 않아요. 도보 이동이 자유로워요.,10000,12000,2026-07-07 09:10,11000.0
2026-07-07 09:41:17,월드컵공원,월드컵공원,여유,사람이 몰려있을 가능성이 낮고 붐빔은 거의 느껴지지 않아요. 도보 이동이 자유로워요.,7000,7500,2026-07-07 09:10,7250.0
2026-07-07 09:41:17,응봉산,응봉산,여유,사람이 몰려있을 가능성이 낮고 붐빔은 거의 느껴지지 않아요. 도보 이동이 자유로워요.,2500,3000,2026-07-07 09:10,2750.0
2026-07-07 09:41:17,이촌한강공원,이촌한강공원,여유,사람이 몰려있을 가능성이 낮고 붐빔은 거의 느껴지지 않아요. 도보 이동이 자유로워요.,2500,3000,2026-07-07 09:10,2750.0
2026-07-07 09:41:17,이태원 관광특구,이태원 관광특구,여유,사람이 몰려있을 가능성이 낮고 붐빔은 거의 느껴지지 않아요. 도보 이동이 자유로워요.,7500,8000,2026-07-07 09:10,7750.0
2026-07-07 09:41:17,이태원 앤틱가구거리,이태원 앤틱가구거리,여유,사람이 몰려있을 가능성이 낮고 붐빔은 거의 느껴지지 않아요. 도보 이동이 자유로워요.,4000,4500,2026-07-07 09:10,4250.0
2026-07-07 09:41:17,이태원역,이태원역,여유,사람이 몰려있을 가능성이 낮고 붐빔은 거의 느껴지지 않아요. 도보 이동이 자유로워요.,2500,3000,2026-07-07 09:10,2750.0
2026-07-07 09:41:17,익선동,익선동,여유,사람이 몰려있을 가능성이 낮고 붐빔은 거의 느껴지지 않아요. 도보 이동이 자유로워요.,8000,8500,2026-07-07 09:10,8250.0
2026-07-07 09:41:17,인사동,인사동,약간 붐빔,사람들이 몰려있을 가능성이 크고 붐빈다고 느낄 수 있어요. 인구밀도가 높은 구간에서는 도보 이동시 부딪힘이 발생할 수 있어요.,16000,18000,2026-07-07 09:10,17000.0
2026-07-07 09:41:17,잠실 관광특구,잠실 관광특구,여유,사람이 몰려있을 가능성이 낮고 붐빔은 거의 느껴지지 않아요. 도보 이동이 자유로워요.,36000,38000,2026-07-07 09:10,37000.0
2026-07-07 09:41:17,잠실롯데타워·석촌호수,잠실롯데타워·석촌호수,여유,사람이 몰려있을 가능성이 낮고 붐빔은 거의 느껴지지 않아요. 도보 이동이 자유로워요.,28000,30000,2026-07-07 09:10,29000.0
2026-07-07 09:41:17,잠실새내역,잠실새내역,여유,사람이 몰려있을 가능성이 낮고 붐빔은 거의 느껴지지 않아요. 도보 이동이 자유로워요.,7500,8000,2026-07-07 09:10,7750.0
2026-07-07 09:41:17,잠실역,잠실역,여유,사람이 몰려있을 가능성이 낮고 붐빔은 거의 느껴지지 않아요. 도보 이동이 자유로워요.,12000,14000,2026-07-07 09:10,13000.0
2026-07-07 09:41:17,잠실종합운동장,잠실종합운동장,여유,사람이 몰려있을 가능성이 낮고 붐빔은 거의 느껴지지 않아요. 도보 이동이 자유로워요.,3000,3500,2026-07-07 09:10,3250.0
2026-07-07 09:41:17,잠실한강공원,잠실한강공원,여유,사람이 몰려있을 가능성이 낮고 붐빔은 거의 느껴지지 않아요. 도보 이동이 자유로워요.,2000,2500,2026-07-07 09:10,2250.0
2026-07-07 09:41:17,잠원한강공원,잠원한강공원,여유,사람이 몰려있을 가능성이 낮고 붐빔은 거의 느껴지지 않아요. 도보 이동이 자유로워요.,1000,1500,2026-07-07 09:10,1250.0
2026-07-07 09:41:17,장지역,장지역,약간 붐빔,사람들이 몰려있을 가능성이 크고 붐빈다고 느낄 수 있어요. 인구밀도가 높은 구간에서는 도보 이동시 부딪힘이 발생할 수 있어요.,20000,22000,2026-07-07 09:10,21000.0
2026-07-07 09:41:17,장한평역,장한평역,여유,사람이 몰려있을 가능성이 낮고 붐빔은 거의 느껴지지 않아요. 도보 이동이 자유로워요.,10000,12000,2026-07-07 09:10,11000.0
2026-07-07 09:41:17,종로·청계 관광특구,종로·청계 관광특구,보통,사람이 몰려있을 수 있지만 크게 붐비지는 않아요. 도보 이동에 큰 제약이 없어요.,34000,36000,2026-07-07 09:10,35000.0
2026-07-07 09:41:17,창덕궁·종묘,창덕궁·종묘,보통,사람이 몰려있을 수 있지만 크게 붐비지는 않아요. 도보 이동에 큰 제약이 없어요.,10000,12000,2026-07-07 09:10,11000.0
2026-07-07 09:41:17,창동 신경제 중심지,창동 신경제 중심지,여유,사람이 몰려있을 가능성이 낮고 붐빔은 거의 느껴지지 않아요. 도보 이동이 자유로워요.,26000,28000,2026-07-07 09:10,27000.0
2026-07-07 09:41:17,천호역,천호역,여유,사람이 몰려있을 가능성이 낮고 붐빔은 거의 느껴지지 않아요. 도보 이동이 자유로워요.,6500,7000,2026-07-07 09:10,6750.0
2026-07-07 09:41:17,청계산,청계산,약간 붐빔,사람들이 몰려있을 가능성이 크고 붐빈다고 느낄 수 있어요. 인구밀도가 높은 구간에서는 도보 이동시 부딪힘이 발생할 수 있어요.,2500,3000,2026-07-07 09:10,2750.0
2026-07-07 09:41:17,청담동 명품거리,청담동 명품거리,여유,사람이 몰려있을 가능성이 낮고 붐빔은 거의 느껴지지 않아요. 도보 이동이 자유로워요.,4500,5000,2026-07-07 09:10,4750.0
2026-07-07 09:41:17,청량리 제기동 일대 전통시장,청량리 제기동 일대 전통시장,여유,사람이 몰려있을 가능성이 낮고 붐빔은 거의 느껴지지 않아요. 도보 이동이 자유로워요.,12000,14000,2026-07-07 09:10,13000.0
2026-07-07 09:41:17,총신대입구(이수)역,총신대입구(이수)역,여유,사람이 몰려있을 가능성이 낮고 붐빔은 거의 느껴지지 않아요. 도보 이동이 자유로워요.,8500,9000,2026-07-07 09:10,8750.0
2026-07-07 09:41:17,충정로역,충정로역,약간 붐빔,사람들이 몰려있을 가능성이 크고 붐빈다고 느낄 수 있어요. 인구밀도가 높은 구간에서는 도보 이동시 부딪힘이 발생할 수 있어요.,8000,8500,2026-07-07 09:10,8250.0
2026-07-07 09:41:17,합정역,합정역,여유,사람이 몰려있을 가능성이 낮고 붐빔은 거의 느껴지지 않아요. 도보 이동이 자유로워요.,8500,9000,2026-07-07 09:10,8750.0
2026-07-07 09:41:17,해방촌·경리단길,해방촌·경리단길,여유,사람이 몰려있을 가능성이 낮고 붐빔은 거의 느껴지지 않아요. 도보 이동이 자유로워요.,3000,3500,2026-07-07 09:10,3250.0
2026-07-07 09:41:17,혜화역,혜화역,여유,사람이 몰려있을 가능성이 낮고 붐빔은 거의 느껴지지 않아요. 도보 이동이 자유로워요.,12000,14000,2026-07-07 09:10,13000.0
2026-07-07 09:41:17,홍대 관광특구,홍대 관광특구,여유,사람이 몰려있을 가능성이 낮고 붐빔은 거의 느껴지지 않아요. 도보 이동이 자유로워요.,48000,50000,2026-07-07 09:10,49000.0
2026-07-07 09:41:17,홍대입구역(2호선),홍대입구역(2호선),여유,사람이 몰려있을 가능성이 낮고 붐빔은 거의 느껴지지 않아요. 도보 이동이 자유로워요.,12000,14000,2026-07-07 09:10,13000.0
2026-07-07 09:41:17,홍제폭포,홍제폭포,여유,사람이 몰려있을 가능성이 낮고 붐빔은 거의 느껴지지 않아요. 도보 이동이 자유로워요.,400,500,2026-07-07 09:10,450.0
2026-07-07 09:41:17,회기역,회기역,여유,사람이 몰려있을 가능성이 낮고 붐빔은 거의 느껴지지 않아요. 도보 이동이 자유로워요.,7500,8000,2026-07-07 09:10,7750.0
2026-07-07 13:57:50,DDP(동대문디자인플라자),DDP(동대문디자인플라자),보통,사람이 몰려있을 수 있지만 크게 붐비지는 않아요. 도보 이동에 큰 제약이 없어요.,7000,7500,2026-07-07 13:25,7250.0
2026-07-07 13:57:50,DMC(디지털미디어시티),DMC(디지털미디어시티),약간 붐빔,사람들이 몰려있을 가능성이 크고 붐빈다고 느낄 수 있어요. 인구밀도가 높은 구간에서는 도보 이동시 부딪힘이 발생할 수 있어요.,42000,44000,2026-07-07 13:25,43000.0
2026-07-07 13:57:50,가락시장,가락시장,여유,사람이 몰려있을 가능성이 낮고 붐빔은 거의 느껴지지 않아요. 도보 이동이 자유로워요.,9000,9500,2026-07-07 13:25,9250.0
2026-07-07 13:57:50,가로수길,가로수길,보통,사람이 몰려있을 수 있지만 크게 붐비지는 않아요. 도보 이동에 큰 제약이 없어요.,34000,36000,2026-07-07 13:25,35000.0
2026-07-07 13:57:50,가산디지털단지역,가산디지털단지역,약간 붐빔,사람들이 몰려있을 가능성이 크고 붐빈다고 느낄 수 있어요. 인구밀도가 높은 구간에서는 도보 이동시 부딪힘이 발생할 수 있어요.,36000,38000,2026-07-07 13:25,37000.0
2026-07-07 13:57:50,강남 MICE 관광특구,강남 MICE 관광특구,약간 붐빔,사람들이 몰려있을 가능성이 크고 붐빈다고 느낄 수 있어요. 인구밀도가 높은 구간에서는 도보 이동시 부딪힘이 발생할 수 있어요.,28000,30000,2026-07-07 13:25,29000.0
2026-07-07 13:57:50,강남역,강남역,붐빔,사람들이 몰려있을 가능성이 매우 크고 많이 붐빈다고 느낄 수 있어요. 인구밀도가 높은 구간에서는 도보 이동시 부딪힘이 발생할 수 있어요.,96000,98000,2026-07-07 13:25,97000.0
2026-07-07 13:57:50,강서한강공원,강서한강공원,여유,사람이 몰려있을 가능성이 낮고 붐빔은 거의 느껴지지 않아요. 도보 이동이 자유로워요.,0,100,2026-07-07 13:25,50.0
2026-07-07 13:57:50,건대입구역,건대입구역,여유,사람이 몰려있을 가능성이 낮고 붐빔은 거의 느껴지지 않아요. 도보 이동이 자유로워요.,24000,26000,2026-07-07 13:25,25000.0
2026-07-07 13:57:50,경복궁,경복궁,보통,사람이 몰려있을 수 있지만 크게 붐비지는 않아요. 도보 이동에 큰 제약이 없어요.,1500,2000,2026-07-07 13:25,1750.0
2026-07-07 13:57:50,고덕역,고덕역,여유,사람이 몰려있을 가능성이 낮고 붐빔은 거의 느껴지지 않아요. 도보 이동이 자유로워요.,3000,3500,2026-07-07 13:25,3250.0
2026-07-07 13:57:50,고속터미널역,고속터미널역,약간 붐빔,사람들이 몰려있을 가능성이 크고 붐빈다고 느낄 수 있어요. 인구밀도가 높은 구간에서는 도보 이동시 부딪힘이 발생할 수 있어요.,24000,26000,2026-07-07 13:25,25000.0
2026-07-07 13:57:50,고척돔,고척돔,여유,사람이 몰려있을 가능성이 낮고 붐빔은 거의 느껴지지 않아요. 도보 이동이 자유로워요.,700,800,2026-07-07 13:25,750.0
2026-07-07 13:57:50,광나루한강공원,광나루한강공원,여유,사람이 몰려있을 가능성이 낮고 붐빔은 거의 느껴지지 않아요. 도보 이동이 자유로워요.,3000,3500,2026-07-07 13:25,3250.0
2026-07-07 13:57:50,광장(전통)시장,광장(전통)시장,보통,사람이 몰려있을 수 있지만 크게 붐비지는 않아요. 도보 이동에 큰 제약이 없어요.,5000,5500,2026-07-07 13:25,5250.0
2026-07-07 13:57:50,광화문·덕수궁,광화문·덕수궁,약간 붐빔,사람들이 몰려있을 가능성이 크고 붐빈다고 느낄 수 있어요. 인구밀도가 높은 구간에서는 도보 이동시 부딪힘이 발생할 수 있어요.,52000,54000,2026-07-07 13:25,53000.0
2026-07-07 13:57:50,광화문광장,광화문광장,보통,사람이 몰려있을 수 있지만 크게 붐비지는 않아요. 도보 이동에 큰 제약이 없어요.,9500,10000,2026-07-07 13:25,9750.0
2026-07-07 13:57:50,교대역,교대역,붐빔,사람들이 몰려있을 가능성이 매우 크고 많이 붐빈다고 느낄 수 있어요. 인구밀도가 높은 구간에서는 도보 이동시 부딪힘이 발생할 수 있어요.,24000,26000,2026-07-07 13:30,25000.0
2026-07-07 13:57:50,구로디지털단지역,구로디지털단지역,약간 붐빔,사람들이 몰려있을 가능성이 크고 붐빈다고 느낄 수 있어요. 인구밀도가 높은 구간에서는 도보 이동시 부딪힘이 발생할 수 있어요.,36000,38000,2026-07-07 13:30,37000.0
2026-07-07 13:57:50,구로역,구로역,여유,사람이 몰려있을 가능성이 낮고 붐빔은 거의 느껴지지 않아요. 도보 이동이 자유로워요.,2000,2500,2026-07-07 13:30,2250.0
2026-07-07 13:57:50,국립중앙박물관·용산가족공원,국립중앙박물관·용산가족공원,보통,사람이 몰려있을 수 있지만 크게 붐비지는 않아요. 도보 이동에 큰 제약이 없어요.,2000,2500,2026-07-07 13:30,2250.0
2026-07-07 13:57:50,군자역,군자역,여유,사람이 몰려있을 가능성이 낮고 붐빔은 거의 느껴지지 않아요. 도보 이동이 자유로워요.,6000,6500,2026-07-07 13:30,6250.0
2026-07-07 13:57:50,김포공항,김포공항,여유,사람이 몰려있을 가능성이 낮고 붐빔은 거의 느껴지지 않아요. 도보 이동이 자유로워요.,5000,5500,2026-07-07 13:30,5250.0
2026-07-07 13:57:50,난지한강공원,난지한강공원,여유,사람이 몰려있을 가능성이 낮고 붐빔은 거의 느껴지지 않아요. 도보 이동이 자유로워요.,1500,2000,2026-07-07 13:30,1750.0
2026-07-07 13:57:50,남대문시장,남대문시장,붐빔,사람들이 몰려있을 가능성이 매우 크고 많이 붐빈다고 느낄 수 있어요. 인구밀도가 높은 구간에서는 도보 이동시 부딪힘이 발생할 수 있어요.,20000,22000,2026-07-07 13:30,21000.0
2026-07-07 13:57:50,남산공원,남산공원,보통,사람이 몰려있을 수 있지만 크게 붐비지는 않아요. 도보 이동에 큰 제약이 없어요.,14000,16000,2026-07-07 13:30,15000.0
2026-07-07 13:57:50,노들섬,노들섬,여유,사람이 몰려있을 가능성이 낮고 붐빔은 거의 느껴지지 않아요. 도보 이동이 자유로워요.,300,400,2026-07-07 13:30,350.0
2026-07-07 13:57:50,노량진,노량진,보통,사람이 몰려있을 수 있지만 크게 붐비지는 않아요. 도보 이동에 큰 제약이 없어요.,20000,22000,2026-07-07 13:30,21000.0
2026-07-07 13:57:50,대림역,대림역,여유,사람이 몰려있을 가능성이 낮고 붐빔은 거의 느껴지지 않아요. 도보 이동이 자유로워요.,14000,16000,2026-07-07 13:30,15000.0
2026-07-07 13:57:50,덕수궁길·정동길,덕수궁길·정동길,보통,사람이 몰려있을 수 있지만 크게 붐비지는 않아요. 도보 이동에 큰 제약이 없어요.,5500,6000,2026-07-07 13:30,5750.0
2026-07-07 13:57:50,동대문 관광특구,동대문 관광특구,보통,사람이 몰려있을 수 있지만 크게 붐비지는 않아요. 도보 이동에 큰 제약이 없어요.,32000,34000,2026-07-07 13:30,33000.0
2026-07-07 13:57:50,동대문역,동대문역,보통,사람이 몰려있을 수 있지만 크게 붐비지는 않아요. 도보 이동에 큰 제약이 없어요.,10000,12000,2026-07-07 13:30,11000.0
2026-07-07 13:57:50,뚝섬역,뚝섬역,보통,사람이 몰려있을 수 있지만 크게 붐비지는 않아요. 도보 이동에 큰 제약이 없어요.,12000,14000,2026-07-07 13:30,13000.0
2026-07-07 13:57:50,뚝섬한강공원,뚝섬한강공원,여유,사람이 몰려있을 가능성이 낮고 붐빔은 거의 느껴지지 않아요. 도보 이동이 자유로워요.,2000,2500,2026-07-07 13:30,2250.0
2026-07-07 13:57:50,망원한강공원,망원한강공원,보통,사람이 몰려있을 수 있지만 크게 붐비지는 않아요. 도보 이동에 큰 제약이 없어요.,1500,2000,2026-07-07 13:30,1750.0
2026-07-07 13:57:50,명동 관광특구,명동 관광특구,보통,사람이 몰려있을 수 있지만 크게 붐비지는 않아요. 도보 이동에 큰 제약이 없어요.,115000,120000,2026-07-07 13:30,117500.0
2026-07-07 13:57:50,미아사거리역,미아사거리역,여유,사람이 몰려있을 가능성이 낮고 붐빔은 거의 느껴지지 않아요. 도보 이동이 자유로워요.,9500,10000,2026-07-07 13:30,9750.0
2026-07-07 13:57:50,반포한강공원,반포한강공원,여유,사람이 몰려있을 가능성이 낮고 붐빔은 거의 느껴지지 않아요. 도보 이동이 자유로워요.,2000,2500,2026-07-07 13:30,2250.0
2026-07-07 13:57:50,발산역,발산역,여유,사람이 몰려있을 가능성이 낮고 붐빔은 거의 느껴지지 않아요. 도보 이동이 자유로워요.,9000,9500,2026-07-07 13:30,9250.0
2026-07-07 13:57:50,보라매공원,보라매공원,약간 붐빔,사람들이 몰려있을 가능성이 크고 붐빈다고 느낄 수 있어요. 인구밀도가 높은 구간에서는 도보 이동시 부딪힘이 발생할 수 있어요.,4500,5000,2026-07-07 13:30,4750.0
2026-07-07 13:57:50,보신각,보신각,보통,사람이 몰려있을 수 있지만 크게 붐비지는 않아요. 도보 이동에 큰 제약이 없어요.,22000,24000,2026-07-07 13:30,23000.0
2026-07-07 13:57:50,북서울꿈의숲,북서울꿈의숲,여유,사람이 몰려있을 가능성이 낮고 붐빔은 거의 느껴지지 않아요. 도보 이동이 자유로워요.,4000,4500,2026-07-07 13:30,4250.0
2026-07-07 13:57:50,북창동 먹자골목,북창동 먹자골목,보통,사람이 몰려있을 수 있지만 크게 붐비지는 않아요. 도보 이동에 큰 제약이 없어요.,14000,16000,2026-07-07 13:30,15000.0
2026-07-07 13:57:50,북촌한옥마을,북촌한옥마을,보통,사람이 몰려있을 수 있지만 크게 붐비지는 않아요. 도보 이동에 큰 제약이 없어요.,16000,18000,2026-07-07 13:30,17000.0
2026-07-07 13:57:50,사당역,사당역,여유,사람이 몰려있을 가능성이 낮고 붐빔은 거의 느껴지지 않아요. 도보 이동이 자유로워요.,14000,16000,2026-07-07 13:30,15000.0
2026-07-07 13:57:50,삼각지역,삼각지역,여유,사람이 몰려있을 가능성이 낮고 붐빔은 거의 느껴지지 않아요. 도보 이동이 자유로워요.,2000,2500,2026-07-07 13:30,2250.0
2026-07-07 13:57:50,서대문독립공원,서대문독립공원,여유,사람이 몰려있을 가능성이 낮고 붐빔은 거의 느껴지지 않아요. 도보 이동이 자유로워요.,900,1000,2026-07-07 13:30,950.0
2026-07-07 13:57:50,서리풀공원·몽마르뜨공원,서리풀공원·몽마르뜨공원,붐빔,사람들이 몰려있을 가능성이 매우 크고 많이 붐빈다고 느낄 수 있어요. 인구밀도가 높은 구간에서는 도보 이동시 부딪힘이 발생할 수 있어요.,7000,7500,2026-07-07 13:30,7250.0
2026-07-07 13:57:50,서울 암사동 유적,서울 암사동 유적,여유,사람이 몰려있을 가능성이 낮고 붐빔은 거의 느껴지지 않아요. 도보 이동이 자유로워요.,300,400,2026-07-07 13:30,350.0
2026-07-07 13:57:50,서울대공원,서울대공원,여유,사람이 몰려있을 가능성이 낮고 붐빔은 거의 느껴지지 않아요. 도보 이동이 자유로워요.,1500,2000,2026-07-07 13:30,1750.0
2026-07-07 13:57:50,서울대입구역,서울대입구역,여유,사람이 몰려있을 가능성이 낮고 붐빔은 거의 느껴지지 않아요. 도보 이동이 자유로워요.,10000,12000,2026-07-07 13:30,11000.0
2026-07-07 13:57:50,서울숲공원,서울숲공원,여유,사람이 몰려있을 가능성이 낮고 붐빔은 거의 느껴지지 않아요. 도보 이동이 자유로워요.,4000,4500,2026-07-07 13:30,4250.0
2026-07-07 13:57:50,서울식물원·마곡나루역,서울식물원·마곡나루역,약간 붐빔,사람들이 몰려있을 가능성이 크고 붐빈다고 느낄 수 있어요. 인구밀도가 높은 구간에서는 도보 이동시 부딪힘이 발생할 수 있어요.,9000,9500,2026-07-07 13:30,9250.0
2026-07-07 13:57:50,서울역,서울역,약간 붐빔,사람들이 몰려있을 가능성이 크고 붐빈다고 느낄 수 있어요. 인구밀도가 높은 구간에서는 도보 이동시 부딪힘이 발생할 수 있어요.,28000,30000,2026-07-07 13:30,29000.0
2026-07-07 13:57:50,서촌,서촌,약간 붐빔,사람들이 몰려있을 가능성이 크고 붐빈다고 느낄 수 있어요. 인구밀도가 높은 구간에서는 도보 이동시 부딪힘이 발생할 수 있어요.,14000,16000,2026-07-07 13:30,15000.0
2026-07-07 13:57:50,선릉역,선릉역,약간 붐빔,사람들이 몰려있을 가능성이 크고 붐빈다고 느낄 수 있어요. 인구밀도가 높은 구간에서는 도보 이동시 부딪힘이 발생할 수 있어요.,70000,72000,2026-07-07 13:30,71000.0
2026-07-07 13:57:50,성수카페거리,성수카페거리,보통,사람이 몰려있을 수 있지만 크게 붐비지는 않아요. 도보 이동에 큰 제약이 없어요.,38000,40000,2026-07-07 13:30,39000.0
2026-07-07 13:57:50,성신여대입구역,성신여대입구역,여유,사람이 몰려있을 가능성이 낮고 붐빔은 거의 느껴지지 않아요. 도보 이동이 자유로워요.,6000,6500,2026-07-07 13:30,6250.0
2026-07-07 13:57:50,송리단길·호수단길,송리단길·호수단길,여유,사람이 몰려있을 가능성이 낮고 붐빔은 거의 느껴지지 않아요. 도보 이동이 자유로워요.,6500,7000,2026-07-07 13:30,6750.0
2026-07-07 13:57:50,송현녹지광장,송현녹지광장,보통,사람이 몰려있을 수 있지만 크게 붐비지는 않아요. 도보 이동에 큰 제약이 없어요.,6500,7000,2026-07-07 13:30,6750.0
2026-07-07 13:57:50,수유역,수유역,여유,사람이 몰려있을 가능성이 낮고 붐빔은 거의 느껴지지 않아요. 도보 이동이 자유로워요.,10000,12000,2026-07-07 13:30,11000.0
2026-07-07 13:57:50,숭례문,숭례문,약간 붐빔,사람들이 몰려있을 가능성이 크고 붐빈다고 느낄 수 있어요. 인구밀도가 높은 구간에서는 도보 이동시 부딪힘이 발생할 수 있어요.,18000,20000,2026-07-07 13:30,19000.0
2026-07-07 13:57:50,시의회 앞,시의회 앞,약간 붐빔,사람들이 몰려있을 가능성이 크고 붐빈다고 느낄 수 있어요. 인구밀도가 높은 구간에서는 도보 이동시 부딪힘이 발생할 수 있어요.,12000,14000,2026-07-07 13:30,13000.0
2026-07-07 13:57:50,신논현역·논현역,신논현역·논현역,약간 붐빔,사람들이 몰려있을 가능성이 크고 붐빈다고 느낄 수 있어요. 인구밀도가 높은 구간에서는 도보 이동시 부딪힘이 발생할 수 있어요.,14000,16000,2026-07-07 13:30,15000.0
2026-07-07 13:57:50,신도림역,신도림역,여유,사람이 몰려있을 가능성이 낮고 붐빔은 거의 느껴지지 않아요. 도보 이동이 자유로워요.,7500,8000,2026-07-07 13:30,7750.0
2026-07-07 13:57:50,신림역,신림역,여유,사람이 몰려있을 가능성이 낮고 붐빔은 거의 느껴지지 않아요. 도보 이동이 자유로워요.,8000,8500,2026-07-07 13:30,8250.0
2026-07-07 13:57:50,신정네거리역,신정네거리역,여유,사람이 몰려있을 가능성이 낮고 붐빔은 거의 느껴지지 않아요. 도보 이동이 자유로워요.,1500,2000,2026-07-07 13:30,1750.0
2026-07-07 13:57:50,신촌 스타광장,신촌 스타광장,여유,사람이 몰려있을 가능성이 낮고 붐빔은 거의 느껴지지 않아요. 도보 이동이 자유로워요.,3000,3500,2026-07-07 13:30,3250.0
2026-07-07 13:57:50,신촌·이대역,신촌·이대역,보통,사람이 몰려있을 수 있지만 크게 붐비지는 않아요. 도보 이동에 큰 제약이 없어요.,34000,36000,2026-07-07 13:30,35000.0
2026-07-07 13:57:50,쌍문역,쌍문역,보통,사람이 몰려있을 수 있지만 크게 붐비지는 않아요. 도보 이동에 큰 제약이 없어요.,6500,7000,2026-07-07 13:30,6750.0
2026-07-07 13:57:50,아차산,아차산,여유,사람이 몰려있을 가능성이 낮고 붐빔은 거의 느껴지지 않아요. 도보 이동이 자유로워요.,5000,5500,2026-07-07 13:30,5250.0
2026-07-07 13:57:50,안양천,안양천,여유,사람이 몰려있을 가능성이 낮고 붐빔은 거의 느껴지지 않아요. 도보 이동이 자유로워요.,1000,1500,2026-07-07 13:30,1250.0
2026-07-07 13:57:50,압구정로데오거리,압구정로데오거리,약간 붐빔,사람들이 몰려있을 가능성이 크고 붐빈다고 느낄 수 있어요. 인구밀도가 높은 구간에서는 도보 이동시 부딪힘이 발생할 수 있어요.,36000,38000,2026-07-07 13:30,37000.0
2026-07-07 13:57:50,양재역,양재역,약간 붐빔,사람들이 몰려있을 가능성이 크고 붐빈다고 느낄 수 있어요. 인구밀도가 높은 구간에서는 도보 이동시 부딪힘이 발생할 수 있어요.,20000,22000,2026-07-07 13:30,21000.0
2026-07-07 13:57:50,양화한강공원,양화한강공원,여유,사람이 몰려있을 가능성이 낮고 붐빔은 거의 느껴지지 않아요. 도보 이동이 자유로워요.,500,600,2026-07-07 13:30,550.0
2026-07-07 13:57:50,어린이대공원,어린이대공원,여유,사람이 몰려있을 가능성이 낮고 붐빔은 거의 느껴지지 않아요. 도보 이동이 자유로워요.,4000,4500,2026-07-07 13:30,4250.0
2026-07-07 13:57:50,여의도,여의도,붐빔,사람들이 몰려있을 가능성이 매우 크고 많이 붐빈다고 느낄 수 있어요. 인구밀도가 높은 구간에서는 도보 이동시 부딪힘이 발생할 수 있어요.,180000,185000,2026-07-07 13:30,182500.0
2026-07-07 13:57:50,여의도한강공원,여의도한강공원,보통,사람이 몰려있을 수 있지만 크게 붐비지는 않아요. 도보 이동에 큰 제약이 없어요.,4500,5000,2026-07-07 13:30,4750.0
2026-07-07 13:57:50,여의서로,여의서로,약간 붐빔,사람들이 몰려있을 가능성이 크고 붐빈다고 느낄 수 있어요. 인구밀도가 높은 구간에서는 도보 이동시 부딪힘이 발생할 수 있어요.,1500,2000,2026-07-07 13:30,1750.0
2026-07-07 13:57:50,역삼역,역삼역,붐빔,사람들이 몰려있을 가능성이 매우 크고 많이 붐빈다고 느낄 수 있어요. 인구밀도가 높은 구간에서는 도보 이동시 부딪힘이 발생할 수 있어요.,52000,54000,2026-07-07 13:30,53000.0
2026-07-07 13:57:50,연남동,연남동,여유,사람이 몰려있을 가능성이 낮고 붐빔은 거의 느껴지지 않아요. 도보 이동이 자유로워요.,9000,9500,2026-07-07 13:30,9250.0
2026-07-07 13:57:50,연신내역,연신내역,여유,사람이 몰려있을 가능성이 낮고 붐빔은 거의 느껴지지 않아요. 도보 이동이 자유로워요.,6500,7000,2026-07-07 13:30,6750.0
2026-07-07 13:57:50,영등포 타임스퀘어,영등포 타임스퀘어,보통,사람이 몰려있을 수 있지만 크게 붐비지는 않아요. 도보 이동에 큰 제약이 없어요.,16000,18000,2026-07-07 13:30,17000.0
2026-07-07 13:57:50,오목교역·목동운동장,오목교역·목동운동장,여유,사람이 몰려있을 가능성이 낮고 붐빔은 거의 느껴지지 않아요. 도보 이동이 자유로워요.,62000,64000,2026-07-07 13:30,63000.0
2026-07-07 13:57:50,올림픽공원,올림픽공원,여유,사람이 몰려있을 가능성이 낮고 붐빔은 거의 느껴지지 않아요. 도보 이동이 자유로워요.,7500,8000,2026-07-07 13:30,7750.0
2026-07-07 13:57:50,왕십리역,왕십리역,여유,사람이 몰려있을 가능성이 낮고 붐빔은 거의 느껴지지 않아요. 도보 이동이 자유로워요.,16000,18000,2026-07-07 13:30,17000.0
2026-07-07 13:57:50,용리단길,용리단길,약간 붐빔,사람들이 몰려있을 가능성이 크고 붐빈다고 느낄 수 있어요. 인구밀도가 높은 구간에서는 도보 이동시 부딪힘이 발생할 수 있어요.,6500,7000,2026-07-07 13:30,6750.0
2026-07-07 13:57:50,용산역,용산역,보통,사람이 몰려있을 수 있지만 크게 붐비지는 않아요. 도보 이동에 큰 제약이 없어요.,20000,22000,2026-07-07 13:30,21000.0
2026-07-07 13:57:50,월드컵공원,월드컵공원,여유,사람이 몰려있을 가능성이 낮고 붐빔은 거의 느껴지지 않아요. 도보 이동이 자유로워요.,7000,7500,2026-07-07 13:30,7250.0
2026-07-07 13:57:50,응봉산,응봉산,여유,사람이 몰려있을 가능성이 낮고 붐빔은 거의 느껴지지 않아요. 도보 이동이 자유로워요.,2000,2500,2026-07-07 13:30,2250.0
2026-07-07 13:57:50,이촌한강공원,이촌한강공원,여유,사람이 몰려있을 가능성이 낮고 붐빔은 거의 느껴지지 않아요. 도보 이동이 자유로워요.,2000,2500,2026-07-07 13:30,2250.0
2026-07-07 13:57:50,이태원 관광특구,이태원 관광특구,약간 붐빔,사람들이 몰려있을 가능성이 크고 붐빈다고 느낄 수 있어요. 인구밀도가 높은 구간에서는 도보 이동시 부딪힘이 발생할 수 있어요.,10000,12000,2026-07-07 13:30,11000.0
2026-07-07 13:57:50,이태원 앤틱가구거리,이태원 앤틱가구거리,여유,사람이 몰려있을 가능성이 낮고 붐빔은 거의 느껴지지 않아요. 도보 이동이 자유로워요.,4500,5000,2026-07-07 13:30,4750.0
2026-07-07 13:57:50,이태원역,이태원역,여유,사람이 몰려있을 가능성이 낮고 붐빔은 거의 느껴지지 않아요. 도보 이동이 자유로워요.,3500,4000,2026-07-07 13:30,3750.0
2026-07-07 13:57:50,익선동,익선동,약간 붐빔,사람들이 몰려있을 가능성이 크고 붐빈다고 느낄 수 있어요. 인구밀도가 높은 구간에서는 도보 이동시 부딪힘이 발생할 수 있어요.,14000,16000,2026-07-07 13:30,15000.0
2026-07-07 13:57:50,인사동,인사동,보통,사람이 몰려있을 수 있지만 크게 붐비지는 않아요. 도보 이동에 큰 제약이 없어요.,26000,28000,2026-07-07 13:30,27000.0
2026-07-07 13:57:50,잠실 관광특구,잠실 관광특구,보통,사람이 몰려있을 수 있지만 크게 붐비지는 않아요. 도보 이동에 큰 제약이 없어요.,62000,64000,2026-07-07 13:30,63000.0
2026-07-07 13:57:50,잠실롯데타워·석촌호수,잠실롯데타워·석촌호수,보통,사람이 몰려있을 수 있지만 크게 붐비지는 않아요. 도보 이동에 큰 제약이 없어요.,54000,56000,2026-07-07 13:30,55000.0
2026-07-07 13:57:50,잠실새내역,잠실새내역,여유,사람이 몰려있을 가능성이 낮고 붐빔은 거의 느껴지지 않아요. 도보 이동이 자유로워요.,10000,12000,2026-07-07 13:30,11000.0
2026-07-07 13:57:50,잠실역,잠실역,보통,사람이 몰려있을 수 있지만 크게 붐비지는 않아요. 도보 이동에 큰 제약이 없어요.,30000,32000,2026-07-07 13:30,31000.0
2026-07-07 13:57:50,잠실종합운동장,잠실종합운동장,여유,사람이 몰려있을 가능성이 낮고 붐빔은 거의 느껴지지 않아요. 도보 이동이 자유로워요.,2500,3000,2026-07-07 13:30,2750.0
2026-07-07 13:57:50,잠실한강공원,잠실한강공원,여유,사람이 몰려있을 가능성이 낮고 붐빔은 거의 느껴지지 않아요. 도보 이동이 자유로워요.,1000,1500,2026-07-07 13:30,1250.0
2026-07-07 13:57:50,잠원한강공원,잠원한강공원,여유,사람이 몰려있을 가능성이 낮고 붐빔은 거의 느껴지지 않아요. 도보 이동이 자유로워요.,1000,1500,2026-07-07 13:30,1250.0
2026-07-07 13:57:50,장지역,장지역,보통,사람이 몰려있을 수 있지만 크게 붐비지는 않아요. 도보 이동에 큰 제약이 없어요.,18000,20000,2026-07-07 13:30,19000.0
2026-07-07 13:57:50,장한평역,장한평역,여유,사람이 몰려있을 가능성이 낮고 붐빔은 거의 느껴지지 않아요. 도보 이동이 자유로워요.,10000,12000,2026-07-07 13:30,11000.0
2026-07-07 13:57:50,종로·청계 관광특구,종로·청계 관광특구,보통,사람이 몰려있을 수 있지만 크게 붐비지는 않아요. 도보 이동에 큰 제약이 없어요.,50000,52000,2026-07-07 13:30,51000.0
2026-07-07 13:57:50,창덕궁·종묘,창덕궁·종묘,보통,사람이 몰려있을 수 있지만 크게 붐비지는 않아요. 도보 이동에 큰 제약이 없어요.,14000,16000,2026-07-07 13:30,15000.0
2026-07-07 13:57:50,창동 신경제 중심지,창동 신경제 중심지,여유,사람이 몰려있을 가능성이 낮고 붐빔은 거의 느껴지지 않아요. 도보 이동이 자유로워요.,32000,34000,2026-07-07 13:30,33000.0
2026-07-07 13:57:50,천호역,천호역,여유,사람이 몰려있을 가능성이 낮고 붐빔은 거의 느껴지지 않아요. 도보 이동이 자유로워요.,8000,8500,2026-07-07 13:30,8250.0
2026-07-07 13:57:50,청계산,청계산,여유,사람이 몰려있을 가능성이 낮고 붐빔은 거의 느껴지지 않아요. 도보 이동이 자유로워요.,1500,2000,2026-07-07 13:30,1750.0
2026-07-07 13:57:50,청담동 명품거리,청담동 명품거리,약간 붐빔,사람들이 몰려있을 가능성이 크고 붐빈다고 느낄 수 있어요. 인구밀도가 높은 구간에서는 도보 이동시 부딪힘이 발생할 수 있어요.,8500,9000,2026-07-07 13:30,8750.0
2026-07-07 13:57:50,청량리 제기동 일대 전통시장,청량리 제기동 일대 전통시장,보통,사람이 몰려있을 수 있지만 크게 붐비지는 않아요. 도보 이동에 큰 제약이 없어요.,14000,16000,2026-07-07 13:30,15000.0
2026-07-07 13:57:50,총신대입구(이수)역,총신대입구(이수)역,여유,사람이 몰려있을 가능성이 낮고 붐빔은 거의 느껴지지 않아요. 도보 이동이 자유로워요.,10000,12000,2026-07-07 13:30,11000.0
2026-07-07 13:57:50,충정로역,충정로역,보통,사람이 몰려있을 수 있지만 크게 붐비지는 않아요. 도보 이동에 큰 제약이 없어요.,8000,8500,2026-07-07 13:30,8250.0
2026-07-07 13:57:50,합정역,합정역,보통,사람이 몰려있을 수 있지만 크게 붐비지는 않아요. 도보 이동에 큰 제약이 없어요.,10000,12000,2026-07-07 13:30,11000.0
2026-07-07 13:57:50,해방촌·경리단길,해방촌·경리단길,여유,사람이 몰려있을 가능성이 낮고 붐빔은 거의 느껴지지 않아요. 도보 이동이 자유로워요.,3500,4000,2026-07-07 13:30,3750.0
2026-07-07 13:57:50,혜화역,혜화역,보통,사람이 몰려있을 수 있지만 크게 붐비지는 않아요. 도보 이동에 큰 제약이 없어요.,16000,18000,2026-07-07 13:30,17000.0
2026-07-07 13:57:50,홍대 관광특구,홍대 관광특구,여유,사람이 몰려있을 가능성이 낮고 붐빔은 거의 느껴지지 않아요. 도보 이동이 자유로워요.,76000,78000,2026-07-07 13:30,77000.0
2026-07-07 13:57:50,홍대입구역(2호선),홍대입구역(2호선),보통,사람이 몰려있을 수 있지만 크게 붐비지는 않아요. 도보 이동에 큰 제약이 없어요.,18000,20000,2026-07-07 13:30,19000.0
2026-07-07 13:57:50,홍제폭포,홍제폭포,여유,사람이 몰려있을 가능성이 낮고 붐빔은 거의 느껴지지 않아요. 도보 이동이 자유로워요.,400,500,2026-07-07 13:30,450.0
2026-07-07 13:57:50,회기역,회기역,여유,사람이 몰려있을 가능성이 낮고 붐빔은 거의 느껴지지 않아요. 도보 이동이 자유로워요.,8000,8500,2026-07-07 13:30,8250.0
2026-07-07 17:27:39,DDP(동대문디자인플라자),DDP(동대문디자인플라자),보통,사람이 몰려있을 수 있지만 크게 붐비지는 않아요. 도보 이동에 큰 제약이 없어요.,6500,7000,2026-07-07 16:55,6750.0
2026-07-07 17:27:39,DMC(디지털미디어시티),DMC(디지털미디어시티),약간 붐빔,사람들이 몰려있을 가능성이 크고 붐빈다고 느낄 수 있어요. 인구밀도가 높은 구간에서는 도보 이동시 부딪힘이 발생할 수 있어요.,40000,42000,2026-07-07 16:55,41000.0
2026-07-07 17:27:39,가락시장,가락시장,여유,사람이 몰려있을 가능성이 낮고 붐빔은 거의 느껴지지 않아요. 도보 이동이 자유로워요.,8000,8500,2026-07-07 16:55,8250.0
2026-07-07 17:27:39,가로수길,가로수길,보통,사람이 몰려있을 수 있지만 크게 붐비지는 않아요. 도보 이동에 큰 제약이 없어요.,32000,34000,2026-07-07 16:55,33000.0
2026-07-07 17:27:39,가산디지털단지역,가산디지털단지역,보통,사람이 몰려있을 수 있지만 크게 붐비지는 않아요. 도보 이동에 큰 제약이 없어요.,32000,34000,2026-07-07 16:55,33000.0
2026-07-07 17:27:39,강남 MICE 관광특구,강남 MICE 관광특구,약간 붐빔,사람들이 몰려있을 가능성이 크고 붐빈다고 느낄 수 있어요. 인구밀도가 높은 구간에서는 도보 이동시 부딪힘이 발생할 수 있어요.,26000,28000,2026-07-07 16:55,27000.0
2026-07-07 17:27:39,강남역,강남역,약간 붐빔,사람들이 몰려있을 가능성이 크고 붐빈다고 느낄 수 있어요. 인구밀도가 높은 구간에서는 도보 이동시 부딪힘이 발생할 수 있어요.,92000,94000,2026-07-07 16:55,93000.0
2026-07-07 17:27:39,강서한강공원,강서한강공원,여유,사람이 몰려있을 가능성이 낮고 붐빔은 거의 느껴지지 않아요. 도보 이동이 자유로워요.,0,100,2026-07-07 16:55,50.0
2026-07-07 17:27:39,건대입구역,건대입구역,여유,사람이 몰려있을 가능성이 낮고 붐빔은 거의 느껴지지 않아요. 도보 이동이 자유로워요.,26000,28000,2026-07-07 16:55,27000.0
2026-07-07 17:27:39,경복궁,경복궁,여유,사람이 몰려있을 가능성이 낮고 붐빔은 거의 느껴지지 않아요. 도보 이동이 자유로워요.,1500,2000,2026-07-07 16:55,1750.0
2026-07-07 17:27:39,고덕역,고덕역,여유,사람이 몰려있을 가능성이 낮고 붐빔은 거의 느껴지지 않아요. 도보 이동이 자유로워요.,4500,5000,2026-07-07 16:55,4750.0
2026-07-07 17:27:39,고속터미널역,고속터미널역,약간 붐빔,사람들이 몰려있을 가능성이 크고 붐빈다고 느낄 수 있어요. 인구밀도가 높은 구간에서는 도보 이동시 부딪힘이 발생할 수 있어요.,22000,24000,2026-07-07 16:55,23000.0
2026-07-07 17:27:39,고척돔,고척돔,여유,사람이 몰려있을 가능성이 낮고 붐빔은 거의 느껴지지 않아요. 도보 이동이 자유로워요.,900,1000,2026-07-07 16:55,950.0
2026-07-07 17:27:39,광나루한강공원,광나루한강공원,여유,사람이 몰려있을 가능성이 낮고 붐빔은 거의 느껴지지 않아요. 도보 이동이 자유로워요.,3500,4000,2026-07-07 16:55,3750.0
2026-07-07 17:27:39,광장(전통)시장,광장(전통)시장,보통,사람이 몰려있을 수 있지만 크게 붐비지는 않아요. 도보 이동에 큰 제약이 없어요.,4500,5000,2026-07-07 16:55,4750.0
2026-07-07 17:27:39,광화문·덕수궁,광화문·덕수궁,보통,사람이 몰려있을 수 있지만 크게 붐비지는 않아요. 도보 이동에 큰 제약이 없어요.,44000,46000,2026-07-07 16:55,45000.0
2026-07-07 17:27:39,광화문광장,광화문광장,보통,사람이 몰려있을 수 있지만 크게 붐비지는 않아요. 도보 이동에 큰 제약이 없어요.,8500,9000,2026-07-07 16:55,8750.0
2026-07-07 17:27:39,교대역,교대역,붐빔,사람들이 몰려있을 가능성이 매우 크고 많이 붐빈다고 느낄 수 있어요. 인구밀도가 높은 구간에서는 도보 이동시 부딪힘이 발생할 수 있어요.,22000,24000,2026-07-07 16:55,23000.0
2026-07-07 17:27:39,구로디지털단지역,구로디지털단지역,약간 붐빔,사람들이 몰려있을 가능성이 크고 붐빈다고 느낄 수 있어요. 인구밀도가 높은 구간에서는 도보 이동시 부딪힘이 발생할 수 있어요.,32000,34000,2026-07-07 16:55,33000.0
2026-07-07 17:27:39,구로역,구로역,여유,사람이 몰려있을 가능성이 낮고 붐빔은 거의 느껴지지 않아요. 도보 이동이 자유로워요.,2500,3000,2026-07-07 16:55,2750.0
2026-07-07 17:27:39,국립중앙박물관·용산가족공원,국립중앙박물관·용산가족공원,여유,사람이 몰려있을 가능성이 낮고 붐빔은 거의 느껴지지 않아요. 도보 이동이 자유로워요.,1500,2000,2026-07-07 16:55,1750.0
2026-07-07 17:27:39,군자역,군자역,여유,사람이 몰려있을 가능성이 낮고 붐빔은 거의 느껴지지 않아요. 도보 이동이 자유로워요.,7000,7500,2026-07-07 16:55,7250.0
2026-07-07 17:27:39,김포공항,김포공항,여유,사람이 몰려있을 가능성이 낮고 붐빔은 거의 느껴지지 않아요. 도보 이동이 자유로워요.,5500,6000,2026-07-07 16:55,5750.0
2026-07-07 17:27:39,난지한강공원,난지한강공원,보통,사람이 몰려있을 수 있지만 크게 붐비지는 않아요. 도보 이동에 큰 제약이 없어요.,1500,2000,2026-07-07 16:55,1750.0
2026-07-07 17:27:39,남대문시장,남대문시장,약간 붐빔,사람들이 몰려있을 가능성이 크고 붐빈다고 느낄 수 있어요. 인구밀도가 높은 구간에서는 도보 이동시 부딪힘이 발생할 수 있어요.,16000,18000,2026-07-07 16:55,17000.0
2026-07-07 17:27:39,남산공원,남산공원,보통,사람이 몰려있을 수 있지만 크게 붐비지는 않아요. 도보 이동에 큰 제약이 없어요.,12000,14000,2026-07-07 16:55,13000.0
2026-07-07 17:27:39,노들섬,노들섬,여유,사람이 몰려있을 가능성이 낮고 붐빔은 거의 느껴지지 않아요. 도보 이동이 자유로워요.,200,300,2026-07-07 16:55,250.0
2026-07-07 17:27:39,노량진,노량진,여유,사람이 몰려있을 가능성이 낮고 붐빔은 거의 느껴지지 않아요. 도보 이동이 자유로워요.,20000,22000,2026-07-07 16:55,21000.0
2026-07-07 17:27:39,대림역,대림역,여유,사람이 몰려있을 가능성이 낮고 붐빔은 거의 느껴지지 않아요. 도보 이동이 자유로워요.,14000,16000,2026-07-07 16:55,15000.0
2026-07-07 17:27:39,덕수궁길·정동길,덕수궁길·정동길,보통,사람이 몰려있을 수 있지만 크게 붐비지는 않아요. 도보 이동에 큰 제약이 없어요.,5000,5500,2026-07-07 16:55,5250.0
2026-07-07 17:27:39,동대문 관광특구,동대문 관광특구,보통,사람이 몰려있을 수 있지만 크게 붐비지는 않아요. 도보 이동에 큰 제약이 없어요.,28000,30000,2026-07-07 16:55,29000.0
2026-07-07 17:27:39,동대문역,동대문역,보통,사람이 몰려있을 수 있지만 크게 붐비지는 않아요. 도보 이동에 큰 제약이 없어요.,10000,12000,2026-07-07 16:55,11000.0
2026-07-07 17:27:39,뚝섬역,뚝섬역,보통,사람이 몰려있을 수 있지만 크게 붐비지는 않아요. 도보 이동에 큰 제약이 없어요.,10000,12000,2026-07-07 16:55,11000.0
2026-07-07 17:27:39,뚝섬한강공원,뚝섬한강공원,여유,사람이 몰려있을 가능성이 낮고 붐빔은 거의 느껴지지 않아요. 도보 이동이 자유로워요.,2500,3000,2026-07-07 16:55,2750.0
2026-07-07 17:27:39,망원한강공원,망원한강공원,보통,사람이 몰려있을 수 있지만 크게 붐비지는 않아요. 도보 이동에 큰 제약이 없어요.,1500,2000,2026-07-07 16:55,1750.0
2026-07-07 17:27:39,명동 관광특구,명동 관광특구,보통,사람이 몰려있을 수 있지만 크게 붐비지는 않아요. 도보 이동에 큰 제약이 없어요.,105000,110000,2026-07-07 16:55,107500.0
2026-07-07 17:27:39,미아사거리역,미아사거리역,보통,사람이 몰려있을 수 있지만 크게 붐비지는 않아요. 도보 이동에 큰 제약이 없어요.,10000,12000,2026-07-07 16:55,11000.0
2026-07-07 17:27:39,반포한강공원,반포한강공원,여유,사람이 몰려있을 가능성이 낮고 붐빔은 거의 느껴지지 않아요. 도보 이동이 자유로워요.,2000,2500,2026-07-07 16:55,2250.0
2026-07-07 17:27:39,발산역,발산역,여유,사람이 몰려있을 가능성이 낮고 붐빔은 거의 느껴지지 않아요. 도보 이동이 자유로워요.,9000,9500,2026-07-07 17:00,9250.0
2026-07-07 17:27:39,보라매공원,보라매공원,약간 붐빔,사람들이 몰려있을 가능성이 크고 붐빈다고 느낄 수 있어요. 인구밀도가 높은 구간에서는 도보 이동시 부딪힘이 발생할 수 있어요.,4000,4500,2026-07-07 17:00,4250.0
2026-07-07 17:27:39,보신각,보신각,보통,사람이 몰려있을 수 있지만 크게 붐비지는 않아요. 도보 이동에 큰 제약이 없어요.,16000,18000,2026-07-07 17:00,17000.0
2026-07-07 17:27:39,북서울꿈의숲,북서울꿈의숲,여유,사람이 몰려있을 가능성이 낮고 붐빔은 거의 느껴지지 않아요. 도보 이동이 자유로워요.,4500,5000,2026-07-07 17:00,4750.0
2026-07-07 17:27:39,북창동 먹자골목,북창동 먹자골목,보통,사람이 몰려있을 수 있지만 크게 붐비지는 않아요. 도보 이동에 큰 제약이 없어요.,12000,14000,2026-07-07 17:00,13000.0
2026-07-07 17:27:39,북촌한옥마을,북촌한옥마을,여유,사람이 몰려있을 가능성이 낮고 붐빔은 거의 느껴지지 않아요. 도보 이동이 자유로워요.,14000,16000,2026-07-07 17:00,15000.0
2026-07-07 17:27:39,사당역,사당역,여유,사람이 몰려있을 가능성이 낮고 붐빔은 거의 느껴지지 않아요. 도보 이동이 자유로워요.,14000,16000,2026-07-07 17:00,15000.0
2026-07-07 17:27:39,삼각지역,삼각지역,여유,사람이 몰려있을 가능성이 낮고 붐빔은 거의 느껴지지 않아요. 도보 이동이 자유로워요.,2000,2500,2026-07-07 17:00,2250.0
2026-07-07 17:27:39,서대문독립공원,서대문독립공원,여유,사람이 몰려있을 가능성이 낮고 붐빔은 거의 느껴지지 않아요. 도보 이동이 자유로워요.,1000,1500,2026-07-07 17:00,1250.0
2026-07-07 17:27:39,서리풀공원·몽마르뜨공원,서리풀공원·몽마르뜨공원,약간 붐빔,사람들이 몰려있을 가능성이 크고 붐빈다고 느낄 수 있어요. 인구밀도가 높은 구간에서는 도보 이동시 부딪힘이 발생할 수 있어요.,6500,7000,2026-07-07 17:00,6750.0
2026-07-07 17:27:39,서울 암사동 유적,서울 암사동 유적,여유,사람이 몰려있을 가능성이 낮고 붐빔은 거의 느껴지지 않아요. 도보 이동이 자유로워요.,200,300,2026-07-07 17:00,250.0
2026-07-07 17:27:39,서울대공원,서울대공원,여유,사람이 몰려있을 가능성이 낮고 붐빔은 거의 느껴지지 않아요. 도보 이동이 자유로워요.,1500,2000,2026-07-07 17:00,1750.0
2026-07-07 17:27:39,서울대입구역,서울대입구역,여유,사람이 몰려있을 가능성이 낮고 붐빔은 거의 느껴지지 않아요. 도보 이동이 자유로워요.,10000,12000,2026-07-07 17:00,11000.0
2026-07-07 17:27:39,서울숲공원,서울숲공원,여유,사람이 몰려있을 가능성이 낮고 붐빔은 거의 느껴지지 않아요. 도보 이동이 자유로워요.,4000,4500,2026-07-07 17:00,4250.0
2026-07-07 17:27:39,서울식물원·마곡나루역,서울식물원·마곡나루역,보통,사람이 몰려있을 수 있지만 크게 붐비지는 않아요. 도보 이동에 큰 제약이 없어요.,7500,8000,2026-07-07 17:00,7750.0
2026-07-07 17:27:39,서울역,서울역,약간 붐빔,사람들이 몰려있을 가능성이 크고 붐빈다고 느낄 수 있어요. 인구밀도가 높은 구간에서는 도보 이동시 부딪힘이 발생할 수 있어요.,26000,28000,2026-07-07 17:00,27000.0
2026-07-07 17:27:39,서촌,서촌,보통,사람이 몰려있을 수 있지만 크게 붐비지는 않아요. 도보 이동에 큰 제약이 없어요.,12000,14000,2026-07-07 17:00,13000.0
2026-07-07 17:27:39,선릉역,선릉역,약간 붐빔,사람들이 몰려있을 가능성이 크고 붐빈다고 느낄 수 있어요. 인구밀도가 높은 구간에서는 도보 이동시 부딪힘이 발생할 수 있어요.,66000,68000,2026-07-07 17:00,67000.0
2026-07-07 17:27:39,성수카페거리,성수카페거리,보통,사람이 몰려있을 수 있지만 크게 붐비지는 않아요. 도보 이동에 큰 제약이 없어요.,36000,38000,2026-07-07 17:00,37000.0
2026-07-07 17:27:39,성신여대입구역,성신여대입구역,여유,사람이 몰려있을 가능성이 낮고 붐빔은 거의 느껴지지 않아요. 도보 이동이 자유로워요.,7000,7500,2026-07-07 17:00,7250.0
2026-07-07 17:27:39,송리단길·호수단길,송리단길·호수단길,여유,사람이 몰려있을 가능성이 낮고 붐빔은 거의 느껴지지 않아요. 도보 이동이 자유로워요.,6500,7000,2026-07-07 17:00,6750.0
2026-07-07 17:27:39,송현녹지광장,송현녹지광장,여유,사람이 몰려있을 가능성이 낮고 붐빔은 거의 느껴지지 않아요. 도보 이동이 자유로워요.,6000,6500,2026-07-07 17:00,6250.0
2026-07-07 17:27:39,수유역,수유역,여유,사람이 몰려있을 가능성이 낮고 붐빔은 거의 느껴지지 않아요. 도보 이동이 자유로워요.,12000,14000,2026-07-07 17:00,13000.0
2026-07-07 17:27:39,숭례문,숭례문,보통,사람이 몰려있을 수 있지만 크게 붐비지는 않아요. 도보 이동에 큰 제약이 없어요.,14000,16000,2026-07-07 17:00,15000.0
2026-07-07 17:27:39,시의회 앞,시의회 앞,보통,사람이 몰려있을 수 있지만 크게 붐비지는 않아요. 도보 이동에 큰 제약이 없어요.,10000,12000,2026-07-07 17:00,11000.0
2026-07-07 17:27:39,신논현역·논현역,신논현역·논현역,약간 붐빔,사람들이 몰려있을 가능성이 크고 붐빈다고 느낄 수 있어요. 인구밀도가 높은 구간에서는 도보 이동시 부딪힘이 발생할 수 있어요.,14000,16000,2026-07-07 17:00,15000.0
2026-07-07 17:27:39,신도림역,신도림역,보통,사람이 몰려있을 수 있지만 크게 붐비지는 않아요. 도보 이동에 큰 제약이 없어요.,8000,8500,2026-07-07 17:00,8250.0
2026-07-07 17:27:39,신림역,신림역,여유,사람이 몰려있을 가능성이 낮고 붐빔은 거의 느껴지지 않아요. 도보 이동이 자유로워요.,9000,9500,2026-07-07 17:00,9250.0
2026-07-07 17:27:39,신정네거리역,신정네거리역,여유,사람이 몰려있을 가능성이 낮고 붐빔은 거의 느껴지지 않아요. 도보 이동이 자유로워요.,1500,2000,2026-07-07 17:00,1750.0
2026-07-07 17:27:39,신촌 스타광장,신촌 스타광장,여유,사람이 몰려있을 가능성이 낮고 붐빔은 거의 느껴지지 않아요. 도보 이동이 자유로워요.,3000,3500,2026-07-07 17:00,3250.0
2026-07-07 17:27:39,신촌·이대역,신촌·이대역,보통,사람이 몰려있을 수 있지만 크게 붐비지는 않아요. 도보 이동에 큰 제약이 없어요.,30000,32000,2026-07-07 17:00,31000.0
2026-07-07 17:27:39,쌍문역,쌍문역,보통,사람이 몰려있을 수 있지만 크게 붐비지는 않아요. 도보 이동에 큰 제약이 없어요.,6500,7000,2026-07-07 17:00,6750.0
2026-07-07 17:27:39,아차산,아차산,여유,사람이 몰려있을 가능성이 낮고 붐빔은 거의 느껴지지 않아요. 도보 이동이 자유로워요.,4500,5000,2026-07-07 17:00,4750.0
2026-07-07 17:27:39,안양천,안양천,여유,사람이 몰려있을 가능성이 낮고 붐빔은 거의 느껴지지 않아요. 도보 이동이 자유로워요.,1000,1500,2026-07-07 17:00,1250.0
2026-07-07 17:27:39,압구정로데오거리,압구정로데오거리,보통,사람이 몰려있을 수 있지만 크게 붐비지는 않아요. 도보 이동에 큰 제약이 없어요.,32000,34000,2026-07-07 17:00,33000.0
2026-07-07 17:27:39,양재역,양재역,약간 붐빔,사람들이 몰려있을 가능성이 크고 붐빈다고 느낄 수 있어요. 인구밀도가 높은 구간에서는 도보 이동시 부딪힘이 발생할 수 있어요.,18000,20000,2026-07-07 17:00,19000.0
2026-07-07 17:27:39,양화한강공원,양화한강공원,여유,사람이 몰려있을 가능성이 낮고 붐빔은 거의 느껴지지 않아요. 도보 이동이 자유로워요.,800,900,2026-07-07 17:00,850.0
2026-07-07 17:27:39,어린이대공원,어린이대공원,여유,사람이 몰려있을 가능성이 낮고 붐빔은 거의 느껴지지 않아요. 도보 이동이 자유로워요.,4000,4500,2026-07-07 17:00,4250.0
2026-07-07 17:27:39,여의도,여의도,약간 붐빔,사람들이 몰려있을 가능성이 크고 붐빈다고 느낄 수 있어요. 인구밀도가 높은 구간에서는 도보 이동시 부딪힘이 발생할 수 있어요.,165000,170000,2026-07-07 17:00,167500.0
2026-07-07 17:27:39,여의도한강공원,여의도한강공원,보통,사람이 몰려있을 수 있지만 크게 붐비지는 않아요. 도보 이동에 큰 제약이 없어요.,4000,4500,2026-07-07 17:00,4250.0
2026-07-07 17:27:39,여의서로,여의서로,보통,사람이 몰려있을 수 있지만 크게 붐비지는 않아요. 도보 이동에 큰 제약이 없어요.,1500,2000,2026-07-07 17:00,1750.0
2026-07-07 17:27:39,역삼역,역삼역,약간 붐빔,사람들이 몰려있을 가능성이 크고 붐빈다고 느낄 수 있어요. 인구밀도가 높은 구간에서는 도보 이동시 부딪힘이 발생할 수 있어요.,46000,48000,2026-07-07 17:00,47000.0
2026-07-07 17:27:39,연남동,연남동,여유,사람이 몰려있을 가능성이 낮고 붐빔은 거의 느껴지지 않아요. 도보 이동이 자유로워요.,9500,10000,2026-07-07 17:00,9750.0
2026-07-07 17:27:39,연신내역,연신내역,보통,사람이 몰려있을 수 있지만 크게 붐비지는 않아요. 도보 이동에 큰 제약이 없어요.,8000,8500,2026-07-07 17:00,8250.0
2026-07-07 17:27:39,영등포 타임스퀘어,영등포 타임스퀘어,보통,사람이 몰려있을 수 있지만 크게 붐비지는 않아요. 도보 이동에 큰 제약이 없어요.,16000,18000,2026-07-07 17:00,17000.0
2026-07-07 17:27:39,오목교역·목동운동장,오목교역·목동운동장,여유,사람이 몰려있을 가능성이 낮고 붐빔은 거의 느껴지지 않아요. 도보 이동이 자유로워요.,66000,68000,2026-07-07 17:00,67000.0
2026-07-07 17:27:39,올림픽공원,올림픽공원,여유,사람이 몰려있을 가능성이 낮고 붐빔은 거의 느껴지지 않아요. 도보 이동이 자유로워요.,9000,9500,2026-07-07 17:00,9250.0
2026-07-07 17:27:39,왕십리역,왕십리역,여유,사람이 몰려있을 가능성이 낮고 붐빔은 거의 느껴지지 않아요. 도보 이동이 자유로워요.,16000,18000,2026-07-07 17:00,17000.0
2026-07-07 17:27:39,용리단길,용리단길,보통,사람이 몰려있을 수 있지만 크게 붐비지는 않아요. 도보 이동에 큰 제약이 없어요.,6000,6500,2026-07-07 17:00,6250.0
2026-07-07 17:27:39,용산역,용산역,보통,사람이 몰려있을 수 있지만 크게 붐비지는 않아요. 도보 이동에 큰 제약이 없어요.,20000,22000,2026-07-07 17:00,21000.0
2026-07-07 17:27:39,월드컵공원,월드컵공원,여유,사람이 몰려있을 가능성이 낮고 붐빔은 거의 느껴지지 않아요. 도보 이동이 자유로워요.,7500,8000,2026-07-07 17:00,7750.0
2026-07-07 17:27:39,응봉산,응봉산,여유,사람이 몰려있을 가능성이 낮고 붐빔은 거의 느껴지지 않아요. 도보 이동이 자유로워요.,2500,3000,2026-07-07 17:00,2750.0
2026-07-07 17:27:39,이촌한강공원,이촌한강공원,여유,사람이 몰려있을 가능성이 낮고 붐빔은 거의 느껴지지 않아요. 도보 이동이 자유로워요.,2500,3000,2026-07-07 17:00,2750.0
2026-07-07 17:27:39,이태원 관광특구,이태원 관광특구,보통,사람이 몰려있을 수 있지만 크게 붐비지는 않아요. 도보 이동에 큰 제약이 없어요.,10000,12000,2026-07-07 17:00,11000.0
2026-07-07 17:27:39,이태원 앤틱가구거리,이태원 앤틱가구거리,여유,사람이 몰려있을 가능성이 낮고 붐빔은 거의 느껴지지 않아요. 도보 이동이 자유로워요.,4000,4500,2026-07-07 17:00,4250.0
2026-07-07 17:27:39,이태원역,이태원역,여유,사람이 몰려있을 가능성이 낮고 붐빔은 거의 느껴지지 않아요. 도보 이동이 자유로워요.,3500,4000,2026-07-07 17:00,3750.0
2026-07-07 17:27:39,익선동,익선동,보통,사람이 몰려있을 수 있지만 크게 붐비지는 않아요. 도보 이동에 큰 제약이 없어요.,12000,14000,2026-07-07 17:00,13000.0
2026-07-07 17:27:39,인사동,인사동,보통,사람이 몰려있을 수 있지만 크게 붐비지는 않아요. 도보 이동에 큰 제약이 없어요.,22000,24000,2026-07-07 17:00,23000.0
2026-07-07 17:27:39,잠실 관광특구,잠실 관광특구,보통,사람이 몰려있을 수 있지만 크게 붐비지는 않아요. 도보 이동에 큰 제약이 없어요.,66000,68000,2026-07-07 17:00,67000.0
2026-07-07 17:27:39,잠실롯데타워·석촌호수,잠실롯데타워·석촌호수,보통,사람이 몰려있을 수 있지만 크게 붐비지는 않아요. 도보 이동에 큰 제약이 없어요.,56000,58000,2026-07-07 17:00,57000.0
2026-07-07 17:27:39,잠실새내역,잠실새내역,여유,사람이 몰려있을 가능성이 낮고 붐빔은 거의 느껴지지 않아요. 도보 이동이 자유로워요.,12000,14000,2026-07-07 17:00,13000.0
2026-07-07 17:27:39,잠실역,잠실역,약간 붐빔,사람들이 몰려있을 가능성이 크고 붐빈다고 느낄 수 있어요. 인구밀도가 높은 구간에서는 도보 이동시 부딪힘이 발생할 수 있어요.,32000,34000,2026-07-07 17:00,33000.0
2026-07-07 17:27:39,잠실종합운동장,잠실종합운동장,여유,사람이 몰려있을 가능성이 낮고 붐빔은 거의 느껴지지 않아요. 도보 이동이 자유로워요.,3500,4000,2026-07-07 17:00,3750.0
2026-07-07 17:27:39,잠실한강공원,잠실한강공원,여유,사람이 몰려있을 가능성이 낮고 붐빔은 거의 느껴지지 않아요. 도보 이동이 자유로워요.,1500,2000,2026-07-07 17:00,1750.0
2026-07-07 17:27:39,잠원한강공원,잠원한강공원,여유,사람이 몰려있을 가능성이 낮고 붐빔은 거의 느껴지지 않아요. 도보 이동이 자유로워요.,1500,2000,2026-07-07 17:00,1750.0
2026-07-07 17:27:39,장지역,장지역,보통,사람이 몰려있을 수 있지만 크게 붐비지는 않아요. 도보 이동에 큰 제약이 없어요.,18000,20000,2026-07-07 17:00,19000.0
2026-07-07 17:27:39,장한평역,장한평역,여유,사람이 몰려있을 가능성이 낮고 붐빔은 거의 느껴지지 않아요. 도보 이동이 자유로워요.,10000,12000,2026-07-07 17:00,11000.0
2026-07-07 17:27:39,종로·청계 관광특구,종로·청계 관광특구,보통,사람이 몰려있을 수 있지만 크게 붐비지는 않아요. 도보 이동에 큰 제약이 없어요.,44000,46000,2026-07-07 17:00,45000.0
2026-07-07 17:27:39,창덕궁·종묘,창덕궁·종묘,보통,사람이 몰려있을 수 있지만 크게 붐비지는 않아요. 도보 이동에 큰 제약이 없어요.,14000,16000,2026-07-07 17:00,15000.0
2026-07-07 17:27:39,창동 신경제 중심지,창동 신경제 중심지,보통,사람이 몰려있을 수 있지만 크게 붐비지는 않아요. 도보 이동에 큰 제약이 없어요.,36000,38000,2026-07-07 17:00,37000.0
2026-07-07 17:27:39,천호역,천호역,여유,사람이 몰려있을 가능성이 낮고 붐빔은 거의 느껴지지 않아요. 도보 이동이 자유로워요.,9500,10000,2026-07-07 17:00,9750.0
2026-07-07 17:27:39,청계산,청계산,여유,사람이 몰려있을 가능성이 낮고 붐빔은 거의 느껴지지 않아요. 도보 이동이 자유로워요.,1000,1500,2026-07-07 17:00,1250.0
2026-07-07 17:27:39,청담동 명품거리,청담동 명품거리,보통,사람이 몰려있을 수 있지만 크게 붐비지는 않아요. 도보 이동에 큰 제약이 없어요.,7500,8000,2026-07-07 17:00,7750.0
2026-07-07 17:27:39,청량리 제기동 일대 전통시장,청량리 제기동 일대 전통시장,보통,사람이 몰려있을 수 있지만 크게 붐비지는 않아요. 도보 이동에 큰 제약이 없어요.,14000,16000,2026-07-07 17:00,15000.0
2026-07-07 17:27:39,총신대입구(이수)역,총신대입구(이수)역,여유,사람이 몰려있을 가능성이 낮고 붐빔은 거의 느껴지지 않아요. 도보 이동이 자유로워요.,12000,14000,2026-07-07 17:00,13000.0
2026-07-07 17:27:39,충정로역,충정로역,보통,사람이 몰려있을 수 있지만 크게 붐비지는 않아요. 도보 이동에 큰 제약이 없어요.,7500,8000,2026-07-07 17:00,7750.0
2026-07-07 17:27:39,합정역,합정역,보통,사람이 몰려있을 수 있지만 크게 붐비지는 않아요. 도보 이동에 큰 제약이 없어요.,10000,12000,2026-07-07 17:00,11000.0
2026-07-07 17:27:39,해방촌·경리단길,해방촌·경리단길,여유,사람이 몰려있을 가능성이 낮고 붐빔은 거의 느껴지지 않아요. 도보 이동이 자유로워요.,4000,4500,2026-07-07 17:00,4250.0
2026-07-07 17:27:39,혜화역,혜화역,보통,사람이 몰려있을 수 있지만 크게 붐비지는 않아요. 도보 이동에 큰 제약이 없어요.,16000,18000,2026-07-07 17:00,17000.0
2026-07-07 17:27:39,홍대 관광특구,홍대 관광특구,보통,사람이 몰려있을 수 있지만 크게 붐비지는 않아요. 도보 이동에 큰 제약이 없어요.,84000,86000,2026-07-07 17:00,85000.0
2026-07-07 17:27:39,홍대입구역(2호선),홍대입구역(2호선),약간 붐빔,사람들이 몰려있을 가능성이 크고 붐빈다고 느낄 수 있어요. 인구밀도가 높은 구간에서는 도보 이동시 부딪힘이 발생할 수 있어요.,22000,24000,2026-07-07 17:00,23000.0
2026-07-07 17:27:39,홍제폭포,홍제폭포,여유,사람이 몰려있을 가능성이 낮고 붐빔은 거의 느껴지지 않아요. 도보 이동이 자유로워요.,400,500,2026-07-07 17:00,450.0
2026-07-07 17:27:39,회기역,회기역,여유,사람이 몰려있을 가능성이 낮고 붐빔은 거의 느껴지지 않아요. 도보 이동이 자유로워요.,10000,12000,2026-07-07 17:00,11000.0
2026-07-07 20:25:45,DDP(동대문디자인플라자),DDP(동대문디자인플라자),여유,사람이 몰려있을 가능성이 낮고 붐빔은 거의 느껴지지 않아요. 도보 이동이 자유로워요.,4500,5000,2026-07-07 19:55,4750.0
2026-07-07 20:25:45,DMC(디지털미디어시티),DMC(디지털미디어시티),여유,사람이 몰려있을 가능성이 낮고 붐빔은 거의 느껴지지 않아요. 도보 이동이 자유로워요.,28000,30000,2026-07-07 19:55,29000.0
2026-07-07 20:25:45,가락시장,가락시장,여유,사람이 몰려있을 가능성이 낮고 붐빔은 거의 느껴지지 않아요. 도보 이동이 자유로워요.,5500,6000,2026-07-07 19:55,5750.0
2026-07-07 20:25:45,가로수길,가로수길,보통,사람이 몰려있을 수 있지만 크게 붐비지는 않아요. 도보 이동에 큰 제약이 없어요.,24000,26000,2026-07-07 19:55,25000.0
2026-07-07 20:25:45,가산디지털단지역,가산디지털단지역,보통,사람이 몰려있을 수 있지만 크게 붐비지는 않아요. 도보 이동에 큰 제약이 없어요.,18000,20000,2026-07-07 19:55,19000.0
2026-07-07 20:25:45,강남 MICE 관광특구,강남 MICE 관광특구,여유,사람이 몰려있을 가능성이 낮고 붐빔은 거의 느껴지지 않아요. 도보 이동이 자유로워요.,12000,14000,2026-07-07 19:55,13000.0
2026-07-07 20:25:45,강남역,강남역,보통,사람이 몰려있을 수 있지만 크게 붐비지는 않아요. 도보 이동에 큰 제약이 없어요.,68000,70000,2026-07-07 19:55,69000.0
2026-07-07 20:25:45,강서한강공원,강서한강공원,여유,사람이 몰려있을 가능성이 낮고 붐빔은 거의 느껴지지 않아요. 도보 이동이 자유로워요.,0,100,2026-07-07 19:55,50.0
2026-07-07 20:25:45,건대입구역,건대입구역,여유,사람이 몰려있을 가능성이 낮고 붐빔은 거의 느껴지지 않아요. 도보 이동이 자유로워요.,28000,30000,2026-07-07 19:55,29000.0
2026-07-07 20:25:45,경복궁,경복궁,여유,사람이 몰려있을 가능성이 낮고 붐빔은 거의 느껴지지 않아요. 도보 이동이 자유로워요.,900,1000,2026-07-07 19:55,950.0
2026-07-07 20:25:45,고덕역,고덕역,여유,사람이 몰려있을 가능성이 낮고 붐빔은 거의 느껴지지 않아요. 도보 이동이 자유로워요.,4500,5000,2026-07-07 19:55,4750.0
2026-07-07 20:25:45,고속터미널역,고속터미널역,보통,사람이 몰려있을 수 있지만 크게 붐비지는 않아요. 도보 이동에 큰 제약이 없어요.,14000,16000,2026-07-07 19:55,15000.0
2026-07-07 20:25:45,고척돔,고척돔,여유,사람이 몰려있을 가능성이 낮고 붐빔은 거의 느껴지지 않아요. 도보 이동이 자유로워요.,900,1000,2026-07-07 19:55,950.0
2026-07-07 20:25:45,광나루한강공원,광나루한강공원,여유,사람이 몰려있을 가능성이 낮고 붐빔은 거의 느껴지지 않아요. 도보 이동이 자유로워요.,3000,3500,2026-07-07 19:55,3250.0
2026-07-07 20:25:45,광장(전통)시장,광장(전통)시장,여유,사람이 몰려있을 가능성이 낮고 붐빔은 거의 느껴지지 않아요. 도보 이동이 자유로워요.,2500,3000,2026-07-07 19:55,2750.0
2026-07-07 20:25:45,광화문·덕수궁,광화문·덕수궁,여유,사람이 몰려있을 가능성이 낮고 붐빔은 거의 느껴지지 않아요. 도보 이동이 자유로워요.,22000,24000,2026-07-07 19:55,23000.0
2026-07-07 20:25:45,광화문광장,광화문광장,여유,사람이 몰려있을 가능성이 낮고 붐빔은 거의 느껴지지 않아요. 도보 이동이 자유로워요.,4500,5000,2026-07-07 19:55,4750.0
2026-07-07 20:25:45,교대역,교대역,여유,사람이 몰려있을 가능성이 낮고 붐빔은 거의 느껴지지 않아요. 도보 이동이 자유로워요.,16000,18000,2026-07-07 19:55,17000.0
2026-07-07 20:25:45,구로디지털단지역,구로디지털단지역,보통,사람이 몰려있을 수 있지만 크게 붐비지는 않아요. 도보 이동에 큰 제약이 없어요.,16000,18000,2026-07-07 19:55,17000.0
2026-07-07 20:25:45,구로역,구로역,여유,사람이 몰려있을 가능성이 낮고 붐빔은 거의 느껴지지 않아요. 도보 이동이 자유로워요.,2500,3000,2026-07-07 19:55,2750.0
2026-07-07 20:25:45,국립중앙박물관·용산가족공원,국립중앙박물관·용산가족공원,여유,사람이 몰려있을 가능성이 낮고 붐빔은 거의 느껴지지 않아요. 도보 이동이 자유로워요.,1000,1500,2026-07-07 19:55,1250.0
2026-07-07 20:25:45,군자역,군자역,보통,사람이 몰려있을 수 있지만 크게 붐비지는 않아요. 도보 이동에 큰 제약이 없어요.,8500,9000,2026-07-07 19:55,8750.0
2026-07-07 20:25:45,김포공항,김포공항,여유,사람이 몰려있을 가능성이 낮고 붐빔은 거의 느껴지지 않아요. 도보 이동이 자유로워요.,4000,4500,2026-07-07 19:55,4250.0
2026-07-07 20:25:45,난지한강공원,난지한강공원,여유,사람이 몰려있을 가능성이 낮고 붐빔은 거의 느껴지지 않아요. 도보 이동이 자유로워요.,1500,2000,2026-07-07 19:55,1750.0
2026-07-07 20:25:45,남대문시장,남대문시장,여유,사람이 몰려있을 가능성이 낮고 붐빔은 거의 느껴지지 않아요. 도보 이동이 자유로워요.,7500,8000,2026-07-07 19:55,7750.0
2026-07-07 20:25:45,남산공원,남산공원,여유,사람이 몰려있을 가능성이 낮고 붐빔은 거의 느껴지지 않아요. 도보 이동이 자유로워요.,8500,9000,2026-07-07 19:55,8750.0
2026-07-07 20:25:45,노들섬,노들섬,여유,사람이 몰려있을 가능성이 낮고 붐빔은 거의 느껴지지 않아요. 도보 이동이 자유로워요.,300,400,2026-07-07 19:55,350.0
2026-07-07 20:25:45,노량진,노량진,보통,사람이 몰려있을 수 있지만 크게 붐비지는 않아요. 도보 이동에 큰 제약이 없어요.,20000,22000,2026-07-07 19:55,21000.0
2026-07-07 20:25:45,대림역,대림역,보통,사람이 몰려있을 수 있지만 크게 붐비지는 않아요. 도보 이동에 큰 제약이 없어요.,16000,18000,2026-07-07 19:55,17000.0
2026-07-07 20:25:45,덕수궁길·정동길,덕수궁길·정동길,여유,사람이 몰려있을 가능성이 낮고 붐빔은 거의 느껴지지 않아요. 도보 이동이 자유로워요.,2000,2500,2026-07-07 19:55,2250.0
2026-07-07 20:25:45,동대문 관광특구,동대문 관광특구,보통,사람이 몰려있을 수 있지만 크게 붐비지는 않아요. 도보 이동에 큰 제약이 없어요.,24000,26000,2026-07-07 19:55,25000.0
2026-07-07 20:25:45,동대문역,동대문역,여유,사람이 몰려있을 가능성이 낮고 붐빔은 거의 느껴지지 않아요. 도보 이동이 자유로워요.,4500,5000,2026-07-07 19:55,4750.0
2026-07-07 20:25:45,뚝섬역,뚝섬역,여유,사람이 몰려있을 가능성이 낮고 붐빔은 거의 느껴지지 않아요. 도보 이동이 자유로워요.,8500,9000,2026-07-07 19:55,8750.0
2026-07-07 20:25:45,뚝섬한강공원,뚝섬한강공원,여유,사람이 몰려있을 가능성이 낮고 붐빔은 거의 느껴지지 않아요. 도보 이동이 자유로워요.,3500,4000,2026-07-07 19:55,3750.0
2026-07-07 20:25:45,망원한강공원,망원한강공원,약간 붐빔,사람들이 몰려있을 가능성이 크고 붐빈다고 느낄 수 있어요. 인구밀도가 높은 구간에서는 도보 이동시 부딪힘이 발생할 수 있어요.,1500,2000,2026-07-07 19:55,1750.0
2026-07-07 20:25:45,명동 관광특구,명동 관광특구,보통,사람이 몰려있을 수 있지만 크게 붐비지는 않아요. 도보 이동에 큰 제약이 없어요.,50000,52000,2026-07-07 19:55,51000.0
2026-07-07 20:25:45,미아사거리역,미아사거리역,여유,사람이 몰려있을 가능성이 낮고 붐빔은 거의 느껴지지 않아요. 도보 이동이 자유로워요.,10000,12000,2026-07-07 19:55,11000.0
2026-07-07 20:25:45,반포한강공원,반포한강공원,여유,사람이 몰려있을 가능성이 낮고 붐빔은 거의 느껴지지 않아요. 도보 이동이 자유로워요.,2500,3000,2026-07-07 19:55,2750.0
2026-07-07 20:25:45,발산역,발산역,여유,사람이 몰려있을 가능성이 낮고 붐빔은 거의 느껴지지 않아요. 도보 이동이 자유로워요.,9500,10000,2026-07-07 19:55,9750.0
2026-07-07 20:25:45,보라매공원,보라매공원,보통,사람이 몰려있을 수 있지만 크게 붐비지는 않아요. 도보 이동에 큰 제약이 없어요.,4000,4500,2026-07-07 19:55,4250.0
2026-07-07 20:25:45,보신각,보신각,보통,사람이 몰려있을 수 있지만 크게 붐비지는 않아요. 도보 이동에 큰 제약이 없어요.,10000,12000,2026-07-07 19:55,11000.0
2026-07-07 20:25:45,북서울꿈의숲,북서울꿈의숲,여유,사람이 몰려있을 가능성이 낮고 붐빔은 거의 느껴지지 않아요. 도보 이동이 자유로워요.,5500,6000,2026-07-07 19:55,5750.0
2026-07-07 20:25:45,북창동 먹자골목,북창동 먹자골목,보통,사람이 몰려있을 수 있지만 크게 붐비지는 않아요. 도보 이동에 큰 제약이 없어요.,7000,7500,2026-07-07 19:55,7250.0
2026-07-07 20:25:45,북촌한옥마을,북촌한옥마을,여유,사람이 몰려있을 가능성이 낮고 붐빔은 거의 느껴지지 않아요. 도보 이동이 자유로워요.,8000,8500,2026-07-07 19:55,8250.0
2026-07-07 20:25:45,사당역,사당역,보통,사람이 몰려있을 수 있지만 크게 붐비지는 않아요. 도보 이동에 큰 제약이 없어요.,18000,20000,2026-07-07 19:55,19000.0
2026-07-07 20:25:45,삼각지역,삼각지역,여유,사람이 몰려있을 가능성이 낮고 붐빔은 거의 느껴지지 않아요. 도보 이동이 자유로워요.,2000,2500,2026-07-07 19:55,2250.0
2026-07-07 20:25:45,서대문독립공원,서대문독립공원,여유,사람이 몰려있을 가능성이 낮고 붐빔은 거의 느껴지지 않아요. 도보 이동이 자유로워요.,1000,1500,2026-07-07 19:55,1250.0
2026-07-07 20:25:45,서리풀공원·몽마르뜨공원,서리풀공원·몽마르뜨공원,여유,사람이 몰려있을 가능성이 낮고 붐빔은 거의 느껴지지 않아요. 도보 이동이 자유로워요.,4000,4500,2026-07-07 19:55,4250.0
2026-07-07 20:25:45,서울 암사동 유적,서울 암사동 유적,여유,사람이 몰려있을 가능성이 낮고 붐빔은 거의 느껴지지 않아요. 도보 이동이 자유로워요.,200,300,2026-07-07 19:55,250.0
2026-07-07 20:25:45,서울대공원,서울대공원,여유,사람이 몰려있을 가능성이 낮고 붐빔은 거의 느껴지지 않아요. 도보 이동이 자유로워요.,900,1000,2026-07-07 19:55,950.0
2026-07-07 20:25:45,서울대입구역,서울대입구역,보통,사람이 몰려있을 수 있지만 크게 붐비지는 않아요. 도보 이동에 큰 제약이 없어요.,14000,16000,2026-07-07 19:55,15000.0
2026-07-07 20:25:45,서울숲공원,서울숲공원,여유,사람이 몰려있을 가능성이 낮고 붐빔은 거의 느껴지지 않아요. 도보 이동이 자유로워요.,3000,3500,2026-07-07 19:55,3250.0
2026-07-07 20:25:45,서울식물원·마곡나루역,서울식물원·마곡나루역,여유,사람이 몰려있을 가능성이 낮고 붐빔은 거의 느껴지지 않아요. 도보 이동이 자유로워요.,6000,6500,2026-07-07 19:55,6250.0
2026-07-07 20:25:45,서울역,서울역,여유,사람이 몰려있을 가능성이 낮고 붐빔은 거의 느껴지지 않아요. 도보 이동이 자유로워요.,10000,12000,2026-07-07 19:55,11000.0
2026-07-07 20:25:45,서촌,서촌,여유,사람이 몰려있을 가능성이 낮고 붐빔은 거의 느껴지지 않아요. 도보 이동이 자유로워요.,10000,12000,2026-07-07 19:55,11000.0
2026-07-07 20:25:45,선릉역,선릉역,보통,사람이 몰려있을 수 있지만 크게 붐비지는 않아요. 도보 이동에 큰 제약이 없어요.,40000,42000,2026-07-07 19:55,41000.0
2026-07-07 20:25:45,성수카페거리,성수카페거리,보통,사람이 몰려있을 수 있지만 크게 붐비지는 않아요. 도보 이동에 큰 제약이 없어요.,24000,26000,2026-07-07 19:55,25000.0
2026-07-07 20:25:45,성신여대입구역,성신여대입구역,보통,사람이 몰려있을 수 있지만 크게 붐비지는 않아요. 도보 이동에 큰 제약이 없어요.,7500,8000,2026-07-07 19:55,7750.0
2026-07-07 20:25:45,송리단길·호수단길,송리단길·호수단길,여유,사람이 몰려있을 가능성이 낮고 붐빔은 거의 느껴지지 않아요. 도보 이동이 자유로워요.,8000,8500,2026-07-07 19:55,8250.0
2026-07-07 20:25:45,송현녹지광장,송현녹지광장,여유,사람이 몰려있을 가능성이 낮고 붐빔은 거의 느껴지지 않아요. 도보 이동이 자유로워요.,3000,3500,2026-07-07 19:55,3250.0
2026-07-07 20:25:45,수유역,수유역,보통,사람이 몰려있을 수 있지만 크게 붐비지는 않아요. 도보 이동에 큰 제약이 없어요.,12000,14000,2026-07-07 19:55,13000.0
2026-07-07 20:25:45,숭례문,숭례문,여유,사람이 몰려있을 가능성이 낮고 붐빔은 거의 느껴지지 않아요. 도보 이동이 자유로워요.,5500,6000,2026-07-07 19:55,5750.0
2026-07-07 20:25:45,시의회 앞,시의회 앞,여유,사람이 몰려있을 가능성이 낮고 붐빔은 거의 느껴지지 않아요. 도보 이동이 자유로워요.,5500,6000,2026-07-07 19:55,5750.0
2026-07-07 20:25:45,신논현역·논현역,신논현역·논현역,보통,사람이 몰려있을 수 있지만 크게 붐비지는 않아요. 도보 이동에 큰 제약이 없어요.,12000,14000,2026-07-07 19:55,13000.0
2026-07-07 20:25:45,신도림역,신도림역,보통,사람이 몰려있을 수 있지만 크게 붐비지는 않아요. 도보 이동에 큰 제약이 없어요.,7500,8000,2026-07-07 19:55,7750.0
2026-07-07 20:25:45,신림역,신림역,보통,사람이 몰려있을 수 있지만 크게 붐비지는 않아요. 도보 이동에 큰 제약이 없어요.,12000,14000,2026-07-07 19:55,13000.0
2026-07-07 20:25:45,신정네거리역,신정네거리역,여유,사람이 몰려있을 가능성이 낮고 붐빔은 거의 느껴지지 않아요. 도보 이동이 자유로워요.,1500,2000,2026-07-07 19:55,1750.0
2026-07-07 20:25:45,신촌 스타광장,신촌 스타광장,보통,사람이 몰려있을 수 있지만 크게 붐비지는 않아요. 도보 이동에 큰 제약이 없어요.,3500,4000,2026-07-07 19:55,3750.0
2026-07-07 20:25:45,신촌·이대역,신촌·이대역,보통,사람이 몰려있을 수 있지만 크게 붐비지는 않아요. 도보 이동에 큰 제약이 없어요.,32000,34000,2026-07-07 19:55,33000.0
2026-07-07 20:25:45,쌍문역,쌍문역,약간 붐빔,사람들이 몰려있을 가능성이 크고 붐빈다고 느낄 수 있어요. 인구밀도가 높은 구간에서는 도보 이동시 부딪힘이 발생할 수 있어요.,7000,7500,2026-07-07 19:55,7250.0
2026-07-07 20:25:45,아차산,아차산,여유,사람이 몰려있을 가능성이 낮고 붐빔은 거의 느껴지지 않아요. 도보 이동이 자유로워요.,5000,5500,2026-07-07 19:55,5250.0
2026-07-07 20:25:45,안양천,안양천,약간 붐빔,사람들이 몰려있을 가능성이 크고 붐빈다고 느낄 수 있어요. 인구밀도가 높은 구간에서는 도보 이동시 부딪힘이 발생할 수 있어요.,1500,2000,2026-07-07 19:55,1750.0
2026-07-07 20:25:45,압구정로데오거리,압구정로데오거리,여유,사람이 몰려있을 가능성이 낮고 붐빔은 거의 느껴지지 않아요. 도보 이동이 자유로워요.,24000,26000,2026-07-07 19:55,25000.0
2026-07-07 20:25:45,양재역,양재역,여유,사람이 몰려있을 가능성이 낮고 붐빔은 거의 느껴지지 않아요. 도보 이동이 자유로워요.,12000,14000,2026-07-07 19:55,13000.0
2026-07-07 20:25:45,양화한강공원,양화한강공원,여유,사람이 몰려있을 가능성이 낮고 붐빔은 거의 느껴지지 않아요. 도보 이동이 자유로워요.,800,900,2026-07-07 19:55,850.0
2026-07-07 20:25:45,어린이대공원,어린이대공원,여유,사람이 몰려있을 가능성이 낮고 붐빔은 거의 느껴지지 않아요. 도보 이동이 자유로워요.,4000,4500,2026-07-07 19:55,4250.0
2026-07-07 20:25:45,여의도,여의도,여유,사람이 몰려있을 가능성이 낮고 붐빔은 거의 느껴지지 않아요. 도보 이동이 자유로워요.,84000,86000,2026-07-07 19:55,85000.0
2026-07-07 20:25:45,여의도한강공원,여의도한강공원,여유,사람이 몰려있을 가능성이 낮고 붐빔은 거의 느껴지지 않아요. 도보 이동이 자유로워요.,2500,3000,2026-07-07 19:55,2750.0
2026-07-07 20:25:45,여의서로,여의서로,여유,사람이 몰려있을 가능성이 낮고 붐빔은 거의 느껴지지 않아요. 도보 이동이 자유로워요.,700,800,2026-07-07 19:55,750.0
2026-07-07 20:25:45,역삼역,역삼역,보통,사람이 몰려있을 수 있지만 크게 붐비지는 않아요. 도보 이동에 큰 제약이 없어요.,26000,28000,2026-07-07 19:55,27000.0
2026-07-07 20:25:45,연남동,연남동,여유,사람이 몰려있을 가능성이 낮고 붐빔은 거의 느껴지지 않아요. 도보 이동이 자유로워요.,10000,12000,2026-07-07 19:55,11000.0
2026-07-07 20:25:45,연신내역,연신내역,보통,사람이 몰려있을 수 있지만 크게 붐비지는 않아요. 도보 이동에 큰 제약이 없어요.,8500,9000,2026-07-07 19:55,8750.0
2026-07-07 20:25:45,영등포 타임스퀘어,영등포 타임스퀘어,보통,사람이 몰려있을 수 있지만 크게 붐비지는 않아요. 도보 이동에 큰 제약이 없어요.,14000,16000,2026-07-07 19:55,15000.0
2026-07-07 20:25:45,오목교역·목동운동장,오목교역·목동운동장,약간 붐빔,사람들이 몰려있을 가능성이 크고 붐빈다고 느낄 수 있어요. 인구밀도가 높은 구간에서는 도보 이동시 부딪힘이 발생할 수 있어요.,72000,74000,2026-07-07 19:55,73000.0
2026-07-07 20:25:45,올림픽공원,올림픽공원,여유,사람이 몰려있을 가능성이 낮고 붐빔은 거의 느껴지지 않아요. 도보 이동이 자유로워요.,9500,10000,2026-07-07 19:55,9750.0
2026-07-07 20:25:45,왕십리역,왕십리역,여유,사람이 몰려있을 가능성이 낮고 붐빔은 거의 느껴지지 않아요. 도보 이동이 자유로워요.,18000,20000,2026-07-07 19:55,19000.0
2026-07-07 20:25:45,용리단길,용리단길,여유,사람이 몰려있을 가능성이 낮고 붐빔은 거의 느껴지지 않아요. 도보 이동이 자유로워요.,4500,5000,2026-07-07 19:55,4750.0
2026-07-07 20:25:45,용산역,용산역,여유,사람이 몰려있을 가능성이 낮고 붐빔은 거의 느껴지지 않아요. 도보 이동이 자유로워요.,14000,16000,2026-07-07 19:55,15000.0
2026-07-07 20:25:45,월드컵공원,월드컵공원,여유,사람이 몰려있을 가능성이 낮고 붐빔은 거의 느껴지지 않아요. 도보 이동이 자유로워요.,6500,7000,2026-07-07 19:55,6750.0
2026-07-07 20:25:45,응봉산,응봉산,여유,사람이 몰려있을 가능성이 낮고 붐빔은 거의 느껴지지 않아요. 도보 이동이 자유로워요.,2500,3000,2026-07-07 19:55,2750.0
2026-07-07 20:25:45,이촌한강공원,이촌한강공원,여유,사람이 몰려있을 가능성이 낮고 붐빔은 거의 느껴지지 않아요. 도보 이동이 자유로워요.,2000,2500,2026-07-07 19:55,2250.0
2026-07-07 20:25:45,이태원 관광특구,이태원 관광특구,여유,사람이 몰려있을 가능성이 낮고 붐빔은 거의 느껴지지 않아요. 도보 이동이 자유로워요.,8500,9000,2026-07-07 19:55,8750.0
2026-07-07 20:25:45,이태원 앤틱가구거리,이태원 앤틱가구거리,여유,사람이 몰려있을 가능성이 낮고 붐빔은 거의 느껴지지 않아요. 도보 이동이 자유로워요.,4000,4500,2026-07-07 19:55,4250.0
2026-07-07 20:25:45,이태원역,이태원역,여유,사람이 몰려있을 가능성이 낮고 붐빔은 거의 느껴지지 않아요. 도보 이동이 자유로워요.,3500,4000,2026-07-07 19:55,3750.0
2026-07-07 20:25:45,익선동,익선동,여유,사람이 몰려있을 가능성이 낮고 붐빔은 거의 느껴지지 않아요. 도보 이동이 자유로워요.,9000,9500,2026-07-07 19:55,9250.0
2026-07-07 20:25:45,인사동,인사동,보통,사람이 몰려있을 수 있지만 크게 붐비지는 않아요. 도보 이동에 큰 제약이 없어요.,12000,14000,2026-07-07 19:55,13000.0
2026-07-07 20:25:45,잠실 관광특구,잠실 관광특구,보통,사람이 몰려있을 수 있지만 크게 붐비지는 않아요. 도보 이동에 큰 제약이 없어요.,60000,62000,2026-07-07 19:55,61000.0
2026-07-07 20:25:45,잠실롯데타워·석촌호수,잠실롯데타워·석촌호수,보통,사람이 몰려있을 수 있지만 크게 붐비지는 않아요. 도보 이동에 큰 제약이 없어요.,50000,52000,2026-07-07 19:55,51000.0
2026-07-07 20:25:45,잠실새내역,잠실새내역,보통,사람이 몰려있을 수 있지만 크게 붐비지는 않아요. 도보 이동에 큰 제약이 없어요.,14000,16000,2026-07-07 19:55,15000.0
2026-07-07 20:25:45,잠실역,잠실역,보통,사람이 몰려있을 수 있지만 크게 붐비지는 않아요. 도보 이동에 큰 제약이 없어요.,24000,26000,2026-07-07 19:55,25000.0
2026-07-07 20:25:45,잠실종합운동장,잠실종합운동장,약간 붐빔,사람들이 몰려있을 가능성이 크고 붐빈다고 느낄 수 있어요. 인구밀도가 높은 구간에서는 도보 이동시 부딪힘이 발생할 수 있어요.,12000,14000,2026-07-07 19:55,13000.0
2026-07-07 20:25:45,잠실한강공원,잠실한강공원,여유,사람이 몰려있을 가능성이 낮고 붐빔은 거의 느껴지지 않아요. 도보 이동이 자유로워요.,1500,2000,2026-07-07 19:55,1750.0
2026-07-07 20:25:45,잠원한강공원,잠원한강공원,여유,사람이 몰려있을 가능성이 낮고 붐빔은 거의 느껴지지 않아요. 도보 이동이 자유로워요.,1000,1500,2026-07-07 19:55,1250.0
2026-07-07 20:25:45,장지역,장지역,여유,사람이 몰려있을 가능성이 낮고 붐빔은 거의 느껴지지 않아요. 도보 이동이 자유로워요.,14000,16000,2026-07-07 19:55,15000.0
2026-07-07 20:25:45,장한평역,장한평역,여유,사람이 몰려있을 가능성이 낮고 붐빔은 거의 느껴지지 않아요. 도보 이동이 자유로워요.,8000,8500,2026-07-07 19:55,8250.0
2026-07-07 20:25:45,종로·청계 관광특구,종로·청계 관광특구,보통,사람이 몰려있을 수 있지만 크게 붐비지는 않아요. 도보 이동에 큰 제약이 없어요.,28000,30000,2026-07-07 19:55,29000.0
2026-07-07 20:25:45,창덕궁·종묘,창덕궁·종묘,여유,사람이 몰려있을 가능성이 낮고 붐빔은 거의 느껴지지 않아요. 도보 이동이 자유로워요.,8000,8500,2026-07-07 19:55,8250.0
2026-07-07 20:25:45,창동 신경제 중심지,창동 신경제 중심지,여유,사람이 몰려있을 가능성이 낮고 붐빔은 거의 느껴지지 않아요. 도보 이동이 자유로워요.,32000,34000,2026-07-07 19:55,33000.0
2026-07-07 20:25:45,천호역,천호역,여유,사람이 몰려있을 가능성이 낮고 붐빔은 거의 느껴지지 않아요. 도보 이동이 자유로워요.,9000,9500,2026-07-07 19:55,9250.0
2026-07-07 20:25:45,청계산,청계산,여유,사람이 몰려있을 가능성이 낮고 붐빔은 거의 느껴지지 않아요. 도보 이동이 자유로워요.,1500,2000,2026-07-07 19:55,1750.0
2026-07-07 20:25:45,청담동 명품거리,청담동 명품거리,여유,사람이 몰려있을 가능성이 낮고 붐빔은 거의 느껴지지 않아요. 도보 이동이 자유로워요.,5000,5500,2026-07-07 19:55,5250.0
2026-07-07 20:25:45,청량리 제기동 일대 전통시장,청량리 제기동 일대 전통시장,여유,사람이 몰려있을 가능성이 낮고 붐빔은 거의 느껴지지 않아요. 도보 이동이 자유로워요.,10000,12000,2026-07-07 19:55,11000.0
2026-07-07 20:25:45,총신대입구(이수)역,총신대입구(이수)역,보통,사람이 몰려있을 수 있지만 크게 붐비지는 않아요. 도보 이동에 큰 제약이 없어요.,12000,14000,2026-07-07 19:55,13000.0
2026-07-07 20:25:45,충정로역,충정로역,여유,사람이 몰려있을 가능성이 낮고 붐빔은 거의 느껴지지 않아요. 도보 이동이 자유로워요.,6000,6500,2026-07-07 19:55,6250.0
2026-07-07 20:25:45,합정역,합정역,보통,사람이 몰려있을 수 있지만 크게 붐비지는 않아요. 도보 이동에 큰 제약이 없어요.,10000,12000,2026-07-07 19:55,11000.0
2026-07-07 20:25:45,해방촌·경리단길,해방촌·경리단길,여유,사람이 몰려있을 가능성이 낮고 붐빔은 거의 느껴지지 않아요. 도보 이동이 자유로워요.,4000,4500,2026-07-07 19:55,4250.0
2026-07-07 20:25:45,혜화역,혜화역,약간 붐빔,사람들이 몰려있을 가능성이 크고 붐빈다고 느낄 수 있어요. 인구밀도가 높은 구간에서는 도보 이동시 부딪힘이 발생할 수 있어요.,18000,20000,2026-07-07 19:55,19000.0
2026-07-07 20:25:45,홍대 관광특구,홍대 관광특구,보통,사람이 몰려있을 수 있지만 크게 붐비지는 않아요. 도보 이동에 큰 제약이 없어요.,78000,80000,2026-07-07 19:55,79000.0
2026-07-07 20:25:45,홍대입구역(2호선),홍대입구역(2호선),약간 붐빔,사람들이 몰려있을 가능성이 크고 붐빈다고 느낄 수 있어요. 인구밀도가 높은 구간에서는 도보 이동시 부딪힘이 발생할 수 있어요.,20000,22000,2026-07-07 19:55,21000.0
2026-07-07 20:25:45,홍제폭포,홍제폭포,여유,사람이 몰려있을 가능성이 낮고 붐빔은 거의 느껴지지 않아요. 도보 이동이 자유로워요.,400,500,2026-07-07 19:55,450.0
2026-07-07 20:25:45,회기역,회기역,여유,사람이 몰려있을 가능성이 낮고 붐빔은 거의 느껴지지 않아요. 도보 이동이 자유로워요.,10000,12000,2026-07-07 19:55,11000.0
2026-07-07 22:36:36,DDP(동대문디자인플라자),DDP(동대문디자인플라자),여유,사람이 몰려있을 가능성이 낮고 붐빔은 거의 느껴지지 않아요. 도보 이동이 자유로워요.,3500,4000,2026-07-07 22:05,3750.0
2026-07-07 22:36:36,DMC(디지털미디어시티),DMC(디지털미디어시티),여유,사람이 몰려있을 가능성이 낮고 붐빔은 거의 느껴지지 않아요. 도보 이동이 자유로워요.,22000,24000,2026-07-07 22:05,23000.0
2026-07-07 22:36:36,가락시장,가락시장,여유,사람이 몰려있을 가능성이 낮고 붐빔은 거의 느껴지지 않아요. 도보 이동이 자유로워요.,4000,4500,2026-07-07 22:05,4250.0
2026-07-07 22:36:36,가로수길,가로수길,여유,사람이 몰려있을 가능성이 낮고 붐빔은 거의 느껴지지 않아요. 도보 이동이 자유로워요.,18000,20000,2026-07-07 22:05,19000.0
2026-07-07 22:36:36,가산디지털단지역,가산디지털단지역,여유,사람이 몰려있을 가능성이 낮고 붐빔은 거의 느껴지지 않아요. 도보 이동이 자유로워요.,10000,12000,2026-07-07 22:05,11000.0
2026-07-07 22:36:36,강남 MICE 관광특구,강남 MICE 관광특구,여유,사람이 몰려있을 가능성이 낮고 붐빔은 거의 느껴지지 않아요. 도보 이동이 자유로워요.,5500,6000,2026-07-07 22:05,5750.0
2026-07-07 22:36:36,강남역,강남역,여유,사람이 몰려있을 가능성이 낮고 붐빔은 거의 느껴지지 않아요. 도보 이동이 자유로워요.,46000,48000,2026-07-07 22:05,47000.0
2026-07-07 22:36:36,강서한강공원,강서한강공원,여유,사람이 몰려있을 가능성이 낮고 붐빔은 거의 느껴지지 않아요. 도보 이동이 자유로워요.,0,100,2026-07-07 22:05,50.0
2026-07-07 22:36:36,건대입구역,건대입구역,여유,사람이 몰려있을 가능성이 낮고 붐빔은 거의 느껴지지 않아요. 도보 이동이 자유로워요.,26000,28000,2026-07-07 22:05,27000.0
2026-07-07 22:36:36,경복궁,경복궁,여유,사람이 몰려있을 가능성이 낮고 붐빔은 거의 느껴지지 않아요. 도보 이동이 자유로워요.,400,500,2026-07-07 22:05,450.0
2026-07-07 22:36:36,고덕역,고덕역,여유,사람이 몰려있을 가능성이 낮고 붐빔은 거의 느껴지지 않아요. 도보 이동이 자유로워요.,3500,4000,2026-07-07 22:05,3750.0
2026-07-07 22:36:36,고속터미널역,고속터미널역,여유,사람이 몰려있을 가능성이 낮고 붐빔은 거의 느껴지지 않아요. 도보 이동이 자유로워요.,6000,6500,2026-07-07 22:05,6250.0
2026-07-07 22:36:36,고척돔,고척돔,여유,사람이 몰려있을 가능성이 낮고 붐빔은 거의 느껴지지 않아요. 도보 이동이 자유로워요.,800,900,2026-07-07 22:05,850.0
2026-07-07 22:36:36,광나루한강공원,광나루한강공원,여유,사람이 몰려있을 가능성이 낮고 붐빔은 거의 느껴지지 않아요. 도보 이동이 자유로워요.,2500,3000,2026-07-07 22:05,2750.0
2026-07-07 22:36:36,광장(전통)시장,광장(전통)시장,여유,사람이 몰려있을 가능성이 낮고 붐빔은 거의 느껴지지 않아요. 도보 이동이 자유로워요.,1500,2000,2026-07-07 22:05,1750.0
2026-07-07 22:36:36,광화문·덕수궁,광화문·덕수궁,여유,사람이 몰려있을 가능성이 낮고 붐빔은 거의 느껴지지 않아요. 도보 이동이 자유로워요.,10000,12000,2026-07-07 22:05,11000.0
2026-07-07 22:36:36,광화문광장,광화문광장,여유,사람이 몰려있을 가능성이 낮고 붐빔은 거의 느껴지지 않아요. 도보 이동이 자유로워요.,2500,3000,2026-07-07 22:05,2750.0
2026-07-07 22:36:36,교대역,교대역,여유,사람이 몰려있을 가능성이 낮고 붐빔은 거의 느껴지지 않아요. 도보 이동이 자유로워요.,12000,14000,2026-07-07 22:05,13000.0
2026-07-07 22:36:36,구로디지털단지역,구로디지털단지역,여유,사람이 몰려있을 가능성이 낮고 붐빔은 거의 느껴지지 않아요. 도보 이동이 자유로워요.,9500,10000,2026-07-07 22:05,9750.0
2026-07-07 22:36:36,구로역,구로역,여유,사람이 몰려있을 가능성이 낮고 붐빔은 거의 느껴지지 않아요. 도보 이동이 자유로워요.,2000,2500,2026-07-07 22:05,2250.0
2026-07-07 22:36:36,국립중앙박물관·용산가족공원,국립중앙박물관·용산가족공원,여유,사람이 몰려있을 가능성이 낮고 붐빔은 거의 느껴지지 않아요. 도보 이동이 자유로워요.,1000,1500,2026-07-07 22:05,1250.0
2026-07-07 22:36:36,군자역,군자역,여유,사람이 몰려있을 가능성이 낮고 붐빔은 거의 느껴지지 않아요. 도보 이동이 자유로워요.,6500,7000,2026-07-07 22:05,6750.0
2026-07-07 22:36:36,김포공항,김포공항,여유,사람이 몰려있을 가능성이 낮고 붐빔은 거의 느껴지지 않아요. 도보 이동이 자유로워요.,3500,4000,2026-07-07 22:05,3750.0
2026-07-07 22:36:36,난지한강공원,난지한강공원,여유,사람이 몰려있을 가능성이 낮고 붐빔은 거의 느껴지지 않아요. 도보 이동이 자유로워요.,1000,1500,2026-07-07 22:05,1250.0
2026-07-07 22:36:36,남대문시장,남대문시장,여유,사람이 몰려있을 가능성이 낮고 붐빔은 거의 느껴지지 않아요. 도보 이동이 자유로워요.,4000,4500,2026-07-07 22:05,4250.0
2026-07-07 22:36:36,남산공원,남산공원,여유,사람이 몰려있을 가능성이 낮고 붐빔은 거의 느껴지지 않아요. 도보 이동이 자유로워요.,6500,7000,2026-07-07 22:05,6750.0
2026-07-07 22:36:36,노들섬,노들섬,여유,사람이 몰려있을 가능성이 낮고 붐빔은 거의 느껴지지 않아요. 도보 이동이 자유로워요.,300,400,2026-07-07 22:05,350.0
2026-07-07 22:36:36,노량진,노량진,여유,사람이 몰려있을 가능성이 낮고 붐빔은 거의 느껴지지 않아요. 도보 이동이 자유로워요.,20000,22000,2026-07-07 22:05,21000.0
2026-07-07 22:36:36,대림역,대림역,약간 붐빔,사람들이 몰려있을 가능성이 크고 붐빈다고 느낄 수 있어요. 인구밀도가 높은 구간에서는 도보 이동시 부딪힘이 발생할 수 있어요.,18000,20000,2026-07-07 22:05,19000.0
2026-07-07 22:36:36,덕수궁길·정동길,덕수궁길·정동길,여유,사람이 몰려있을 가능성이 낮고 붐빔은 거의 느껴지지 않아요. 도보 이동이 자유로워요.,1500,2000,2026-07-07 22:05,1750.0
2026-07-07 22:36:36,동대문 관광특구,동대문 관광특구,여유,사람이 몰려있을 가능성이 낮고 붐빔은 거의 느껴지지 않아요. 도보 이동이 자유로워요.,22000,24000,2026-07-07 22:05,23000.0
2026-07-07 22:36:36,동대문역,동대문역,여유,사람이 몰려있을 가능성이 낮고 붐빔은 거의 느껴지지 않아요. 도보 이동이 자유로워요.,3500,4000,2026-07-07 22:05,3750.0
2026-07-07 22:36:36,뚝섬역,뚝섬역,여유,사람이 몰려있을 가능성이 낮고 붐빔은 거의 느껴지지 않아요. 도보 이동이 자유로워요.,6000,6500,2026-07-07 22:05,6250.0
2026-07-07 22:36:36,뚝섬한강공원,뚝섬한강공원,여유,사람이 몰려있을 가능성이 낮고 붐빔은 거의 느껴지지 않아요. 도보 이동이 자유로워요.,2500,3000,2026-07-07 22:05,2750.0
2026-07-07 22:36:36,망원한강공원,망원한강공원,여유,사람이 몰려있을 가능성이 낮고 붐빔은 거의 느껴지지 않아요. 도보 이동이 자유로워요.,1000,1500,2026-07-07 22:05,1250.0
2026-07-07 22:36:36,명동 관광특구,명동 관광특구,여유,사람이 몰려있을 가능성이 낮고 붐빔은 거의 느껴지지 않아요. 도보 이동이 자유로워요.,24000,26000,2026-07-07 22:05,25000.0
2026-07-07 22:36:36,미아사거리역,미아사거리역,여유,사람이 몰려있을 가능성이 낮고 붐빔은 거의 느껴지지 않아요. 도보 이동이 자유로워요.,7500,8000,2026-07-07 22:05,7750.0
2026-07-07 22:36:36,반포한강공원,반포한강공원,여유,사람이 몰려있을 가능성이 낮고 붐빔은 거의 느껴지지 않아요. 도보 이동이 자유로워요.,2500,3000,2026-07-07 22:05,2750.0
2026-07-07 22:36:36,발산역,발산역,여유,사람이 몰려있을 가능성이 낮고 붐빔은 거의 느껴지지 않아요. 도보 이동이 자유로워요.,7000,7500,2026-07-07 22:05,7250.0
2026-07-07 22:36:36,보라매공원,보라매공원,여유,사람이 몰려있을 가능성이 낮고 붐빔은 거의 느껴지지 않아요. 도보 이동이 자유로워요.,3500,4000,2026-07-07 22:05,3750.0
2026-07-07 22:36:36,보신각,보신각,여유,사람이 몰려있을 가능성이 낮고 붐빔은 거의 느껴지지 않아요. 도보 이동이 자유로워요.,6000,6500,2026-07-07 22:05,6250.0
2026-07-07 22:36:36,북서울꿈의숲,북서울꿈의숲,여유,사람이 몰려있을 가능성이 낮고 붐빔은 거의 느껴지지 않아요. 도보 이동이 자유로워요.,5000,5500,2026-07-07 22:05,5250.0
2026-07-07 22:36:36,북창동 먹자골목,북창동 먹자골목,여유,사람이 몰려있을 가능성이 낮고 붐빔은 거의 느껴지지 않아요. 도보 이동이 자유로워요.,3500,4000,2026-07-07 22:05,3750.0
2026-07-07 22:36:36,북촌한옥마을,북촌한옥마을,여유,사람이 몰려있을 가능성이 낮고 붐빔은 거의 느껴지지 않아요. 도보 이동이 자유로워요.,5500,6000,2026-07-07 22:05,5750.0
2026-07-07 22:36:36,사당역,사당역,여유,사람이 몰려있을 가능성이 낮고 붐빔은 거의 느껴지지 않아요. 도보 이동이 자유로워요.,14000,16000,2026-07-07 22:05,15000.0
2026-07-07 22:36:36,삼각지역,삼각지역,여유,사람이 몰려있을 가능성이 낮고 붐빔은 거의 느껴지지 않아요. 도보 이동이 자유로워요.,1500,2000,2026-07-07 22:05,1750.0
2026-07-07 22:36:36,서대문독립공원,서대문독립공원,여유,사람이 몰려있을 가능성이 낮고 붐빔은 거의 느껴지지 않아요. 도보 이동이 자유로워요.,800,900,2026-07-07 22:05,850.0
2026-07-07 22:36:36,서리풀공원·몽마르뜨공원,서리풀공원·몽마르뜨공원,여유,사람이 몰려있을 가능성이 낮고 붐빔은 거의 느껴지지 않아요. 도보 이동이 자유로워요.,3000,3500,2026-07-07 22:05,3250.0
2026-07-07 22:36:36,서울 암사동 유적,서울 암사동 유적,여유,사람이 몰려있을 가능성이 낮고 붐빔은 거의 느껴지지 않아요. 도보 이동이 자유로워요.,200,300,2026-07-07 22:05,250.0
2026-07-07 22:36:36,서울대공원,서울대공원,여유,사람이 몰려있을 가능성이 낮고 붐빔은 거의 느껴지지 않아요. 도보 이동이 자유로워요.,600,700,2026-07-07 22:05,650.0
2026-07-07 22:36:36,서울대입구역,서울대입구역,여유,사람이 몰려있을 가능성이 낮고 붐빔은 거의 느껴지지 않아요. 도보 이동이 자유로워요.,10000,12000,2026-07-07 22:05,11000.0
2026-07-07 22:36:36,서울숲공원,서울숲공원,여유,사람이 몰려있을 가능성이 낮고 붐빔은 거의 느껴지지 않아요. 도보 이동이 자유로워요.,3000,3500,2026-07-07 22:05,3250.0
2026-07-07 22:36:36,서울식물원·마곡나루역,서울식물원·마곡나루역,여유,사람이 몰려있을 가능성이 낮고 붐빔은 거의 느껴지지 않아요. 도보 이동이 자유로워요.,5000,5500,2026-07-07 22:05,5250.0
2026-07-07 22:36:36,서울역,서울역,여유,사람이 몰려있을 가능성이 낮고 붐빔은 거의 느껴지지 않아요. 도보 이동이 자유로워요.,6500,7000,2026-07-07 22:05,6750.0
2026-07-07 22:36:36,서촌,서촌,여유,사람이 몰려있을 가능성이 낮고 붐빔은 거의 느껴지지 않아요. 도보 이동이 자유로워요.,9000,9500,2026-07-07 22:05,9250.0
2026-07-07 22:36:36,선릉역,선릉역,여유,사람이 몰려있을 가능성이 낮고 붐빔은 거의 느껴지지 않아요. 도보 이동이 자유로워요.,30000,32000,2026-07-07 22:05,31000.0
2026-07-07 22:36:36,성수카페거리,성수카페거리,여유,사람이 몰려있을 가능성이 낮고 붐빔은 거의 느껴지지 않아요. 도보 이동이 자유로워요.,16000,18000,2026-07-07 22:05,17000.0
2026-07-07 22:36:36,성신여대입구역,성신여대입구역,여유,사람이 몰려있을 가능성이 낮고 붐빔은 거의 느껴지지 않아요. 도보 이동이 자유로워요.,5500,6000,2026-07-07 22:05,5750.0
2026-07-07 22:36:36,송리단길·호수단길,송리단길·호수단길,여유,사람이 몰려있을 가능성이 낮고 붐빔은 거의 느껴지지 않아요. 도보 이동이 자유로워요.,6500,7000,2026-07-07 22:05,6750.0
2026-07-07 22:36:36,송현녹지광장,송현녹지광장,여유,사람이 몰려있을 가능성이 낮고 붐빔은 거의 느껴지지 않아요. 도보 이동이 자유로워요.,2000,2500,2026-07-07 22:05,2250.0
2026-07-07 22:36:36,수유역,수유역,여유,사람이 몰려있을 가능성이 낮고 붐빔은 거의 느껴지지 않아요. 도보 이동이 자유로워요.,12000,14000,2026-07-07 22:05,13000.0
2026-07-07 22:36:36,숭례문,숭례문,여유,사람이 몰려있을 가능성이 낮고 붐빔은 거의 느껴지지 않아요. 도보 이동이 자유로워요.,3000,3500,2026-07-07 22:05,3250.0
2026-07-07 22:36:36,시의회 앞,시의회 앞,여유,사람이 몰려있을 가능성이 낮고 붐빔은 거의 느껴지지 않아요. 도보 이동이 자유로워요.,3000,3500,2026-07-07 22:05,3250.0
2026-07-07 22:36:36,신논현역·논현역,신논현역·논현역,여유,사람이 몰려있을 가능성이 낮고 붐빔은 거의 느껴지지 않아요. 도보 이동이 자유로워요.,10000,12000,2026-07-07 22:05,11000.0
2026-07-07 22:36:36,신도림역,신도림역,보통,사람이 몰려있을 수 있지만 크게 붐비지는 않아요. 도보 이동에 큰 제약이 없어요.,7000,7500,2026-07-07 22:05,7250.0
2026-07-07 22:36:36,신림역,신림역,여유,사람이 몰려있을 가능성이 낮고 붐빔은 거의 느껴지지 않아요. 도보 이동이 자유로워요.,10000,12000,2026-07-07 22:05,11000.0
2026-07-07 22:36:36,신정네거리역,신정네거리역,여유,사람이 몰려있을 가능성이 낮고 붐빔은 거의 느껴지지 않아요. 도보 이동이 자유로워요.,1000,1500,2026-07-07 22:05,1250.0
2026-07-07 22:36:36,신촌 스타광장,신촌 스타광장,여유,사람이 몰려있을 가능성이 낮고 붐빔은 거의 느껴지지 않아요. 도보 이동이 자유로워요.,2500,3000,2026-07-07 22:05,2750.0
2026-07-07 22:36:36,신촌·이대역,신촌·이대역,여유,사람이 몰려있을 가능성이 낮고 붐빔은 거의 느껴지지 않아요. 도보 이동이 자유로워요.,28000,30000,2026-07-07 22:05,29000.0
2026-07-07 22:36:36,쌍문역,쌍문역,여유,사람이 몰려있을 가능성이 낮고 붐빔은 거의 느껴지지 않아요. 도보 이동이 자유로워요.,5500,6000,2026-07-07 22:05,5750.0
2026-07-07 22:36:36,아차산,아차산,여유,사람이 몰려있을 가능성이 낮고 붐빔은 거의 느껴지지 않아요. 도보 이동이 자유로워요.,4500,5000,2026-07-07 22:05,4750.0
2026-07-07 22:36:36,안양천,안양천,보통,사람이 몰려있을 수 있지만 크게 붐비지는 않아요. 도보 이동에 큰 제약이 없어요.,1500,2000,2026-07-07 22:05,1750.0
2026-07-07 22:36:36,압구정로데오거리,압구정로데오거리,여유,사람이 몰려있을 가능성이 낮고 붐빔은 거의 느껴지지 않아요. 도보 이동이 자유로워요.,18000,20000,2026-07-07 22:05,19000.0
2026-07-07 22:36:36,양재역,양재역,여유,사람이 몰려있을 가능성이 낮고 붐빔은 거의 느껴지지 않아요. 도보 이동이 자유로워요.,10000,12000,2026-07-07 22:05,11000.0
2026-07-07 22:36:36,양화한강공원,양화한강공원,여유,사람이 몰려있을 가능성이 낮고 붐빔은 거의 느껴지지 않아요. 도보 이동이 자유로워요.,600,700,2026-07-07 22:05,650.0
2026-07-07 22:36:36,어린이대공원,어린이대공원,여유,사람이 몰려있을 가능성이 낮고 붐빔은 거의 느껴지지 않아요. 도보 이동이 자유로워요.,3000,3500,2026-07-07 22:05,3250.0
2026-07-07 22:36:36,여의도,여의도,여유,사람이 몰려있을 가능성이 낮고 붐빔은 거의 느껴지지 않아요. 도보 이동이 자유로워요.,54000,56000,2026-07-07 22:05,55000.0
2026-07-07 22:36:36,여의도한강공원,여의도한강공원,여유,사람이 몰려있을 가능성이 낮고 붐빔은 거의 느껴지지 않아요. 도보 이동이 자유로워요.,2000,2500,2026-07-07 22:05,2250.0
2026-07-07 22:36:36,여의서로,여의서로,여유,사람이 몰려있을 가능성이 낮고 붐빔은 거의 느껴지지 않아요. 도보 이동이 자유로워요.,500,600,2026-07-07 22:05,550.0
2026-07-07 22:36:36,역삼역,역삼역,여유,사람이 몰려있을 가능성이 낮고 붐빔은 거의 느껴지지 않아요. 도보 이동이 자유로워요.,18000,20000,2026-07-07 22:05,19000.0
2026-07-07 22:36:36,연남동,연남동,여유,사람이 몰려있을 가능성이 낮고 붐빔은 거의 느껴지지 않아요. 도보 이동이 자유로워요.,8000,8500,2026-07-07 22:05,8250.0
2026-07-07 22:36:36,연신내역,연신내역,여유,사람이 몰려있을 가능성이 낮고 붐빔은 거의 느껴지지 않아요. 도보 이동이 자유로워요.,7000,7500,2026-07-07 22:05,7250.0
2026-07-07 22:36:36,영등포 타임스퀘어,영등포 타임스퀘어,여유,사람이 몰려있을 가능성이 낮고 붐빔은 거의 느껴지지 않아요. 도보 이동이 자유로워요.,9000,9500,2026-07-07 22:05,9250.0
2026-07-07 22:36:36,오목교역·목동운동장,오목교역·목동운동장,보통,사람이 몰려있을 수 있지만 크게 붐비지는 않아요. 도보 이동에 큰 제약이 없어요.,70000,72000,2026-07-07 22:05,71000.0
2026-07-07 22:36:36,올림픽공원,올림픽공원,여유,사람이 몰려있을 가능성이 낮고 붐빔은 거의 느껴지지 않아요. 도보 이동이 자유로워요.,8500,9000,2026-07-07 22:05,8750.0
2026-07-07 22:36:36,왕십리역,왕십리역,여유,사람이 몰려있을 가능성이 낮고 붐빔은 거의 느껴지지 않아요. 도보 이동이 자유로워요.,18000,20000,2026-07-07 22:05,19000.0
2026-07-07 22:36:36,용리단길,용리단길,여유,사람이 몰려있을 가능성이 낮고 붐빔은 거의 느껴지지 않아요. 도보 이동이 자유로워요.,3500,4000,2026-07-07 22:10,3750.0
2026-07-07 22:36:36,용산역,용산역,여유,사람이 몰려있을 가능성이 낮고 붐빔은 거의 느껴지지 않아요. 도보 이동이 자유로워요.,6500,7000,2026-07-07 22:10,6750.0
2026-07-07 22:36:36,월드컵공원,월드컵공원,여유,사람이 몰려있을 가능성이 낮고 붐빔은 거의 느껴지지 않아요. 도보 이동이 자유로워요.,5500,6000,2026-07-07 22:10,5750.0
2026-07-07 22:36:36,응봉산,응봉산,여유,사람이 몰려있을 가능성이 낮고 붐빔은 거의 느껴지지 않아요. 도보 이동이 자유로워요.,2500,3000,2026-07-07 22:10,2750.0
2026-07-07 22:36:36,이촌한강공원,이촌한강공원,여유,사람이 몰려있을 가능성이 낮고 붐빔은 거의 느껴지지 않아요. 도보 이동이 자유로워요.,2000,2500,2026-07-07 22:10,2250.0
2026-07-07 22:36:36,이태원 관광특구,이태원 관광특구,여유,사람이 몰려있을 가능성이 낮고 붐빔은 거의 느껴지지 않아요. 도보 이동이 자유로워요.,6500,7000,2026-07-07 22:10,6750.0
2026-07-07 22:36:36,이태원 앤틱가구거리,이태원 앤틱가구거리,여유,사람이 몰려있을 가능성이 낮고 붐빔은 거의 느껴지지 않아요. 도보 이동이 자유로워요.,3500,4000,2026-07-07 22:10,3750.0
2026-07-07 22:36:36,이태원역,이태원역,여유,사람이 몰려있을 가능성이 낮고 붐빔은 거의 느껴지지 않아요. 도보 이동이 자유로워요.,3000,3500,2026-07-07 22:10,3250.0
2026-07-07 22:36:36,익선동,익선동,여유,사람이 몰려있을 가능성이 낮고 붐빔은 거의 느껴지지 않아요. 도보 이동이 자유로워요.,6000,6500,2026-07-07 22:10,6250.0
2026-07-07 22:36:36,인사동,인사동,여유,사람이 몰려있을 가능성이 낮고 붐빔은 거의 느껴지지 않아요. 도보 이동이 자유로워요.,7500,8000,2026-07-07 22:10,7750.0
2026-07-07 22:36:36,잠실 관광특구,잠실 관광특구,여유,사람이 몰려있을 가능성이 낮고 붐빔은 거의 느껴지지 않아요. 도보 이동이 자유로워요.,36000,38000,2026-07-07 22:10,37000.0
2026-07-07 22:36:36,잠실롯데타워·석촌호수,잠실롯데타워·석촌호수,여유,사람이 몰려있을 가능성이 낮고 붐빔은 거의 느껴지지 않아요. 도보 이동이 자유로워요.,28000,30000,2026-07-07 22:10,29000.0
2026-07-07 22:36:36,잠실새내역,잠실새내역,여유,사람이 몰려있을 가능성이 낮고 붐빔은 거의 느껴지지 않아요. 도보 이동이 자유로워요.,10000,12000,2026-07-07 22:10,11000.0
2026-07-07 22:36:36,잠실역,잠실역,여유,사람이 몰려있을 가능성이 낮고 붐빔은 거의 느껴지지 않아요. 도보 이동이 자유로워요.,8000,8500,2026-07-07 22:10,8250.0
2026-07-07 22:36:36,잠실종합운동장,잠실종합운동장,여유,사람이 몰려있을 가능성이 낮고 붐빔은 거의 느껴지지 않아요. 도보 이동이 자유로워요.,2000,2500,2026-07-07 22:10,2250.0
2026-07-07 22:36:36,잠실한강공원,잠실한강공원,여유,사람이 몰려있을 가능성이 낮고 붐빔은 거의 느껴지지 않아요. 도보 이동이 자유로워요.,1500,2000,2026-07-07 22:10,1750.0
2026-07-07 22:36:36,잠원한강공원,잠원한강공원,여유,사람이 몰려있을 가능성이 낮고 붐빔은 거의 느껴지지 않아요. 도보 이동이 자유로워요.,1000,1500,2026-07-07 22:10,1250.0
2026-07-07 22:36:36,장지역,장지역,여유,사람이 몰려있을 가능성이 낮고 붐빔은 거의 느껴지지 않아요. 도보 이동이 자유로워요.,10000,12000,2026-07-07 22:10,11000.0
2026-07-07 22:36:36,장한평역,장한평역,여유,사람이 몰려있을 가능성이 낮고 붐빔은 거의 느껴지지 않아요. 도보 이동이 자유로워요.,7000,7500,2026-07-07 22:10,7250.0
2026-07-07 22:36:36,종로·청계 관광특구,종로·청계 관광특구,여유,사람이 몰려있을 가능성이 낮고 붐빔은 거의 느껴지지 않아요. 도보 이동이 자유로워요.,18000,20000,2026-07-07 22:10,19000.0
2026-07-07 22:36:36,창덕궁·종묘,창덕궁·종묘,여유,사람이 몰려있을 가능성이 낮고 붐빔은 거의 느껴지지 않아요. 도보 이동이 자유로워요.,5000,5500,2026-07-07 22:10,5250.0
2026-07-07 22:36:36,창동 신경제 중심지,창동 신경제 중심지,여유,사람이 몰려있을 가능성이 낮고 붐빔은 거의 느껴지지 않아요. 도보 이동이 자유로워요.,24000,26000,2026-07-07 22:10,25000.0
2026-07-07 22:36:36,천호역,천호역,여유,사람이 몰려있을 가능성이 낮고 붐빔은 거의 느껴지지 않아요. 도보 이동이 자유로워요.,6500,7000,2026-07-07 22:10,6750.0
2026-07-07 22:36:36,청계산,청계산,여유,사람이 몰려있을 가능성이 낮고 붐빔은 거의 느껴지지 않아요. 도보 이동이 자유로워요.,1000,1500,2026-07-07 22:10,1250.0
2026-07-07 22:36:36,청담동 명품거리,청담동 명품거리,여유,사람이 몰려있을 가능성이 낮고 붐빔은 거의 느껴지지 않아요. 도보 이동이 자유로워요.,3000,3500,2026-07-07 22:10,3250.0
2026-07-07 22:36:36,청량리 제기동 일대 전통시장,청량리 제기동 일대 전통시장,여유,사람이 몰려있을 가능성이 낮고 붐빔은 거의 느껴지지 않아요. 도보 이동이 자유로워요.,8500,9000,2026-07-07 22:10,8750.0
2026-07-07 22:36:36,총신대입구(이수)역,총신대입구(이수)역,여유,사람이 몰려있을 가능성이 낮고 붐빔은 거의 느껴지지 않아요. 도보 이동이 자유로워요.,9000,9500,2026-07-07 22:10,9250.0
2026-07-07 22:36:36,충정로역,충정로역,여유,사람이 몰려있을 가능성이 낮고 붐빔은 거의 느껴지지 않아요. 도보 이동이 자유로워요.,6000,6500,2026-07-07 22:10,6250.0
2026-07-07 22:36:36,합정역,합정역,여유,사람이 몰려있을 가능성이 낮고 붐빔은 거의 느껴지지 않아요. 도보 이동이 자유로워요.,9500,10000,2026-07-07 22:10,9750.0
2026-07-07 22:36:36,해방촌·경리단길,해방촌·경리단길,여유,사람이 몰려있을 가능성이 낮고 붐빔은 거의 느껴지지 않아요. 도보 이동이 자유로워요.,3500,4000,2026-07-07 22:10,3750.0
2026-07-07 22:36:36,혜화역,혜화역,여유,사람이 몰려있을 가능성이 낮고 붐빔은 거의 느껴지지 않아요. 도보 이동이 자유로워요.,12000,14000,2026-07-07 22:10,13000.0
2026-07-07 22:36:36,홍대 관광특구,홍대 관광특구,여유,사람이 몰려있을 가능성이 낮고 붐빔은 거의 느껴지지 않아요. 도보 이동이 자유로워요.,58000,60000,2026-07-07 22:10,59000.0
2026-07-07 22:36:36,홍대입구역(2호선),홍대입구역(2호선),여유,사람이 몰려있을 가능성이 낮고 붐빔은 거의 느껴지지 않아요. 도보 이동이 자유로워요.,14000,16000,2026-07-07 22:10,15000.0
2026-07-07 22:36:36,홍제폭포,홍제폭포,여유,사람이 몰려있을 가능성이 낮고 붐빔은 거의 느껴지지 않아요. 도보 이동이 자유로워요.,400,500,2026-07-07 22:10,450.0
2026-07-07 22:36:36,회기역,회기역,여유,사람이 몰려있을 가능성이 낮고 붐빔은 거의 느껴지지 않아요. 도보 이동이 자유로워요.,9500,10000,2026-07-07 22:10,9750.0
2026-07-08 01:06:15,DDP(동대문디자인플라자),DDP(동대문디자인플라자),여유,사람이 몰려있을 가능성이 낮고 붐빔은 거의 느껴지지 않아요. 도보 이동이 자유로워요.,2000,2500,2026-07-08 00:35,2250.0
2026-07-08 01:06:15,DMC(디지털미디어시티),DMC(디지털미디어시티),여유,사람이 몰려있을 가능성이 낮고 붐빔은 거의 느껴지지 않아요. 도보 이동이 자유로워요.,14000,16000,2026-07-08 00:35,15000.0
2026-07-08 01:06:15,가락시장,가락시장,여유,사람이 몰려있을 가능성이 낮고 붐빔은 거의 느껴지지 않아요. 도보 이동이 자유로워요.,2500,3000,2026-07-08 00:35,2750.0
2026-07-08 01:06:15,가로수길,가로수길,여유,사람이 몰려있을 가능성이 낮고 붐빔은 거의 느껴지지 않아요. 도보 이동이 자유로워요.,10000,12000,2026-07-08 00:35,11000.0
2026-07-08 01:06:15,가산디지털단지역,가산디지털단지역,여유,사람이 몰려있을 가능성이 낮고 붐빔은 거의 느껴지지 않아요. 도보 이동이 자유로워요.,5500,6000,2026-07-08 00:35,5750.0
2026-07-08 01:06:15,강남 MICE 관광특구,강남 MICE 관광특구,여유,사람이 몰려있을 가능성이 낮고 붐빔은 거의 느껴지지 않아요. 도보 이동이 자유로워요.,2500,3000,2026-07-08 00:35,2750.0
2026-07-08 01:06:15,강남역,강남역,여유,사람이 몰려있을 가능성이 낮고 붐빔은 거의 느껴지지 않아요. 도보 이동이 자유로워요.,24000,26000,2026-07-08 00:35,25000.0
2026-07-08 01:06:15,강서한강공원,강서한강공원,여유,사람이 몰려있을 가능성이 낮고 붐빔은 거의 느껴지지 않아요. 도보 이동이 자유로워요.,0,100,2026-07-08 00:35,50.0
2026-07-08 01:06:15,건대입구역,건대입구역,여유,사람이 몰려있을 가능성이 낮고 붐빔은 거의 느껴지지 않아요. 도보 이동이 자유로워요.,16000,18000,2026-07-08 00:35,17000.0
2026-07-08 01:06:15,경복궁,경복궁,여유,사람이 몰려있을 가능성이 낮고 붐빔은 거의 느껴지지 않아요. 도보 이동이 자유로워요.,200,300,2026-07-08 00:35,250.0
2026-07-08 01:06:15,고덕역,고덕역,여유,사람이 몰려있을 가능성이 낮고 붐빔은 거의 느껴지지 않아요. 도보 이동이 자유로워요.,1000,1500,2026-07-08 00:35,1250.0
2026-07-08 01:06:15,고속터미널역,고속터미널역,여유,사람이 몰려있을 가능성이 낮고 붐빔은 거의 느껴지지 않아요. 도보 이동이 자유로워요.,2000,2500,2026-07-08 00:35,2250.0
2026-07-08 01:06:15,고척돔,고척돔,여유,사람이 몰려있을 가능성이 낮고 붐빔은 거의 느껴지지 않아요. 도보 이동이 자유로워요.,600,700,2026-07-08 00:35,650.0
2026-07-08 01:06:15,광나루한강공원,광나루한강공원,여유,사람이 몰려있을 가능성이 낮고 붐빔은 거의 느껴지지 않아요. 도보 이동이 자유로워요.,1500,2000,2026-07-08 00:35,1750.0
2026-07-08 01:06:15,광장(전통)시장,광장(전통)시장,여유,사람이 몰려있을 가능성이 낮고 붐빔은 거의 느껴지지 않아요. 도보 이동이 자유로워요.,1000,1500,2026-07-08 00:35,1250.0
2026-07-08 01:06:15,광화문·덕수궁,광화문·덕수궁,여유,사람이 몰려있을 가능성이 낮고 붐빔은 거의 느껴지지 않아요. 도보 이동이 자유로워요.,3500,4000,2026-07-08 00:35,3750.0
2026-07-08 01:06:15,광화문광장,광화문광장,여유,사람이 몰려있을 가능성이 낮고 붐빔은 거의 느껴지지 않아요. 도보 이동이 자유로워요.,700,800,2026-07-08 00:35,750.0
2026-07-08 01:06:15,교대역,교대역,여유,사람이 몰려있을 가능성이 낮고 붐빔은 거의 느껴지지 않아요. 도보 이동이 자유로워요.,6000,6500,2026-07-08 00:35,6250.0
2026-07-08 01:06:15,구로디지털단지역,구로디지털단지역,여유,사람이 몰려있을 가능성이 낮고 붐빔은 거의 느껴지지 않아요. 도보 이동이 자유로워요.,5000,5500,2026-07-08 00:35,5250.0
2026-07-08 01:06:15,구로역,구로역,여유,사람이 몰려있을 가능성이 낮고 붐빔은 거의 느껴지지 않아요. 도보 이동이 자유로워요.,900,1000,2026-07-08 00:35,950.0
2026-07-08 01:06:15,국립중앙박물관·용산가족공원,국립중앙박물관·용산가족공원,여유,사람이 몰려있을 가능성이 낮고 붐빔은 거의 느껴지지 않아요. 도보 이동이 자유로워요.,1000,1500,2026-07-08 00:35,1250.0
2026-07-08 01:06:15,군자역,군자역,여유,사람이 몰려있을 가능성이 낮고 붐빔은 거의 느껴지지 않아요. 도보 이동이 자유로워요.,4000,4500,2026-07-08 00:35,4250.0
2026-07-08 01:06:15,김포공항,김포공항,여유,사람이 몰려있을 가능성이 낮고 붐빔은 거의 느껴지지 않아요. 도보 이동이 자유로워요.,600,700,2026-07-08 00:35,650.0
2026-07-08 01:06:15,난지한강공원,난지한강공원,여유,사람이 몰려있을 가능성이 낮고 붐빔은 거의 느껴지지 않아요. 도보 이동이 자유로워요.,500,600,2026-07-08 00:35,550.0
2026-07-08 01:06:15,남대문시장,남대문시장,여유,사람이 몰려있을 가능성이 낮고 붐빔은 거의 느껴지지 않아요. 도보 이동이 자유로워요.,2000,2500,2026-07-08 00:35,2250.0
2026-07-08 01:06:15,남산공원,남산공원,여유,사람이 몰려있을 가능성이 낮고 붐빔은 거의 느껴지지 않아요. 도보 이동이 자유로워요.,4500,5000,2026-07-08 00:35,4750.0
2026-07-08 01:06:15,노들섬,노들섬,여유,사람이 몰려있을 가능성이 낮고 붐빔은 거의 느껴지지 않아요. 도보 이동이 자유로워요.,100,200,2026-07-08 00:35,150.0
2026-07-08 01:06:15,노량진,노량진,여유,사람이 몰려있을 가능성이 낮고 붐빔은 거의 느껴지지 않아요. 도보 이동이 자유로워요.,10000,12000,2026-07-08 00:35,11000.0
2026-07-08 01:06:15,대림역,대림역,약간 붐빔,사람들이 몰려있을 가능성이 크고 붐빈다고 느낄 수 있어요. 인구밀도가 높은 구간에서는 도보 이동시 부딪힘이 발생할 수 있어요.,18000,20000,2026-07-08 00:35,19000.0
2026-07-08 01:06:15,덕수궁길·정동길,덕수궁길·정동길,여유,사람이 몰려있을 가능성이 낮고 붐빔은 거의 느껴지지 않아요. 도보 이동이 자유로워요.,900,1000,2026-07-08 00:35,950.0
2026-07-08 01:06:15,동대문 관광특구,동대문 관광특구,여유,사람이 몰려있을 가능성이 낮고 붐빔은 거의 느껴지지 않아요. 도보 이동이 자유로워요.,20000,22000,2026-07-08 00:35,21000.0
2026-07-08 01:06:15,동대문역,동대문역,여유,사람이 몰려있을 가능성이 낮고 붐빔은 거의 느껴지지 않아요. 도보 이동이 자유로워요.,1500,2000,2026-07-08 00:35,1750.0
2026-07-08 01:06:15,뚝섬역,뚝섬역,여유,사람이 몰려있을 가능성이 낮고 붐빔은 거의 느껴지지 않아요. 도보 이동이 자유로워요.,4000,4500,2026-07-08 00:35,4250.0
2026-07-08 01:06:15,뚝섬한강공원,뚝섬한강공원,여유,사람이 몰려있을 가능성이 낮고 붐빔은 거의 느껴지지 않아요. 도보 이동이 자유로워요.,1500,2000,2026-07-08 00:35,1750.0
2026-07-08 01:06:15,망원한강공원,망원한강공원,여유,사람이 몰려있을 가능성이 낮고 붐빔은 거의 느껴지지 않아요. 도보 이동이 자유로워요.,900,1000,2026-07-08 00:35,950.0
2026-07-08 01:06:15,명동 관광특구,명동 관광특구,여유,사람이 몰려있을 가능성이 낮고 붐빔은 거의 느껴지지 않아요. 도보 이동이 자유로워요.,10000,12000,2026-07-08 00:35,11000.0
2026-07-08 01:06:15,미아사거리역,미아사거리역,여유,사람이 몰려있을 가능성이 낮고 붐빔은 거의 느껴지지 않아요. 도보 이동이 자유로워요.,4000,4500,2026-07-08 00:35,4250.0
2026-07-08 01:06:15,반포한강공원,반포한강공원,여유,사람이 몰려있을 가능성이 낮고 붐빔은 거의 느껴지지 않아요. 도보 이동이 자유로워요.,800,900,2026-07-08 00:35,850.0
2026-07-08 01:06:15,발산역,발산역,여유,사람이 몰려있을 가능성이 낮고 붐빔은 거의 느껴지지 않아요. 도보 이동이 자유로워요.,4500,5000,2026-07-08 00:35,4750.0
2026-07-08 01:06:15,보라매공원,보라매공원,여유,사람이 몰려있을 가능성이 낮고 붐빔은 거의 느껴지지 않아요. 도보 이동이 자유로워요.,2000,2500,2026-07-08 00:35,2250.0
2026-07-08 01:06:15,보신각,보신각,여유,사람이 몰려있을 가능성이 낮고 붐빔은 거의 느껴지지 않아요. 도보 이동이 자유로워요.,2000,2500,2026-07-08 00:35,2250.0
2026-07-08 01:06:15,북서울꿈의숲,북서울꿈의숲,여유,사람이 몰려있을 가능성이 낮고 붐빔은 거의 느껴지지 않아요. 도보 이동이 자유로워요.,5000,5500,2026-07-08 00:35,5250.0
2026-07-08 01:06:15,북창동 먹자골목,북창동 먹자골목,여유,사람이 몰려있을 가능성이 낮고 붐빔은 거의 느껴지지 않아요. 도보 이동이 자유로워요.,1500,2000,2026-07-08 00:35,1750.0
2026-07-08 01:06:15,북촌한옥마을,북촌한옥마을,여유,사람이 몰려있을 가능성이 낮고 붐빔은 거의 느껴지지 않아요. 도보 이동이 자유로워요.,3500,4000,2026-07-08 00:35,3750.0
2026-07-08 01:06:15,사당역,사당역,여유,사람이 몰려있을 가능성이 낮고 붐빔은 거의 느껴지지 않아요. 도보 이동이 자유로워요.,7500,8000,2026-07-08 00:35,7750.0
2026-07-08 01:06:15,삼각지역,삼각지역,여유,사람이 몰려있을 가능성이 낮고 붐빔은 거의 느껴지지 않아요. 도보 이동이 자유로워요.,1000,1500,2026-07-08 00:35,1250.0
2026-07-08 01:06:15,서대문독립공원,서대문독립공원,여유,사람이 몰려있을 가능성이 낮고 붐빔은 거의 느껴지지 않아요. 도보 이동이 자유로워요.,600,700,2026-07-08 00:35,650.0
2026-07-08 01:06:15,서리풀공원·몽마르뜨공원,서리풀공원·몽마르뜨공원,여유,사람이 몰려있을 가능성이 낮고 붐빔은 거의 느껴지지 않아요. 도보 이동이 자유로워요.,2000,2500,2026-07-08 00:35,2250.0
2026-07-08 01:06:15,서울 암사동 유적,서울 암사동 유적,여유,사람이 몰려있을 가능성이 낮고 붐빔은 거의 느껴지지 않아요. 도보 이동이 자유로워요.,300,400,2026-07-08 00:35,350.0
2026-07-08 01:06:15,서울대공원,서울대공원,여유,사람이 몰려있을 가능성이 낮고 붐빔은 거의 느껴지지 않아요. 도보 이동이 자유로워요.,400,500,2026-07-08 00:35,450.0
2026-07-08 01:06:15,서울대입구역,서울대입구역,여유,사람이 몰려있을 가능성이 낮고 붐빔은 거의 느껴지지 않아요. 도보 이동이 자유로워요.,6500,7000,2026-07-08 00:35,6750.0
2026-07-08 01:06:15,서울숲공원,서울숲공원,여유,사람이 몰려있을 가능성이 낮고 붐빔은 거의 느껴지지 않아요. 도보 이동이 자유로워요.,2000,2500,2026-07-08 00:35,2250.0
2026-07-08 01:06:15,서울식물원·마곡나루역,서울식물원·마곡나루역,여유,사람이 몰려있을 가능성이 낮고 붐빔은 거의 느껴지지 않아요. 도보 이동이 자유로워요.,2000,2500,2026-07-08 00:35,2250.0
2026-07-08 01:06:15,서울역,서울역,여유,사람이 몰려있을 가능성이 낮고 붐빔은 거의 느껴지지 않아요. 도보 이동이 자유로워요.,3500,4000,2026-07-08 00:35,3750.0
2026-07-08 01:06:15,서촌,서촌,여유,사람이 몰려있을 가능성이 낮고 붐빔은 거의 느껴지지 않아요. 도보 이동이 자유로워요.,8500,9000,2026-07-08 00:35,8750.0
2026-07-08 01:06:15,선릉역,선릉역,여유,사람이 몰려있을 가능성이 낮고 붐빔은 거의 느껴지지 않아요. 도보 이동이 자유로워요.,20000,22000,2026-07-08 00:35,21000.0
2026-07-08 01:06:15,성수카페거리,성수카페거리,여유,사람이 몰려있을 가능성이 낮고 붐빔은 거의 느껴지지 않아요. 도보 이동이 자유로워요.,7500,8000,2026-07-08 00:35,7750.0
2026-07-08 01:06:15,성신여대입구역,성신여대입구역,여유,사람이 몰려있을 가능성이 낮고 붐빔은 거의 느껴지지 않아요. 도보 이동이 자유로워요.,2500,3000,2026-07-08 00:35,2750.0
2026-07-08 01:06:15,송리단길·호수단길,송리단길·호수단길,여유,사람이 몰려있을 가능성이 낮고 붐빔은 거의 느껴지지 않아요. 도보 이동이 자유로워요.,4500,5000,2026-07-08 00:35,4750.0
2026-07-08 01:06:15,송현녹지광장,송현녹지광장,여유,사람이 몰려있을 가능성이 낮고 붐빔은 거의 느껴지지 않아요. 도보 이동이 자유로워요.,1000,1500,2026-07-08 00:35,1250.0
2026-07-08 01:06:15,수유역,수유역,여유,사람이 몰려있을 가능성이 낮고 붐빔은 거의 느껴지지 않아요. 도보 이동이 자유로워요.,8500,9000,2026-07-08 00:35,8750.0
2026-07-08 01:06:15,숭례문,숭례문,여유,사람이 몰려있을 가능성이 낮고 붐빔은 거의 느껴지지 않아요. 도보 이동이 자유로워요.,1500,2000,2026-07-08 00:35,1750.0
2026-07-08 01:06:15,시의회 앞,시의회 앞,여유,사람이 몰려있을 가능성이 낮고 붐빔은 거의 느껴지지 않아요. 도보 이동이 자유로워요.,800,900,2026-07-08 00:35,850.0
2026-07-08 01:06:15,신논현역·논현역,신논현역·논현역,여유,사람이 몰려있을 가능성이 낮고 붐빔은 거의 느껴지지 않아요. 도보 이동이 자유로워요.,6000,6500,2026-07-08 00:35,6250.0
2026-07-08 01:06:15,신도림역,신도림역,여유,사람이 몰려있을 가능성이 낮고 붐빔은 거의 느껴지지 않아요. 도보 이동이 자유로워요.,4000,4500,2026-07-08 00:35,4250.0
2026-07-08 01:06:15,신림역,신림역,여유,사람이 몰려있을 가능성이 낮고 붐빔은 거의 느껴지지 않아요. 도보 이동이 자유로워요.,7500,8000,2026-07-08 00:35,7750.0
2026-07-08 01:06:15,신정네거리역,신정네거리역,여유,사람이 몰려있을 가능성이 낮고 붐빔은 거의 느껴지지 않아요. 도보 이동이 자유로워요.,900,1000,2026-07-08 00:35,950.0
2026-07-08 01:06:15,신촌 스타광장,신촌 스타광장,여유,사람이 몰려있을 가능성이 낮고 붐빔은 거의 느껴지지 않아요. 도보 이동이 자유로워요.,1500,2000,2026-07-08 00:35,1750.0
2026-07-08 01:06:15,신촌·이대역,신촌·이대역,여유,사람이 몰려있을 가능성이 낮고 붐빔은 거의 느껴지지 않아요. 도보 이동이 자유로워요.,16000,18000,2026-07-08 00:35,17000.0
2026-07-08 01:06:15,쌍문역,쌍문역,여유,사람이 몰려있을 가능성이 낮고 붐빔은 거의 느껴지지 않아요. 도보 이동이 자유로워요.,4500,5000,2026-07-08 00:35,4750.0
2026-07-08 01:06:15,아차산,아차산,여유,사람이 몰려있을 가능성이 낮고 붐빔은 거의 느껴지지 않아요. 도보 이동이 자유로워요.,4000,4500,2026-07-08 00:35,4250.0
2026-07-08 01:06:15,안양천,안양천,여유,사람이 몰려있을 가능성이 낮고 붐빔은 거의 느껴지지 않아요. 도보 이동이 자유로워요.,1000,1500,2026-07-08 00:35,1250.0
2026-07-08 01:06:15,압구정로데오거리,압구정로데오거리,여유,사람이 몰려있을 가능성이 낮고 붐빔은 거의 느껴지지 않아요. 도보 이동이 자유로워요.,10000,12000,2026-07-08 00:35,11000.0
2026-07-08 01:06:15,양재역,양재역,여유,사람이 몰려있을 가능성이 낮고 붐빔은 거의 느껴지지 않아요. 도보 이동이 자유로워요.,6000,6500,2026-07-08 00:35,6250.0
2026-07-08 01:06:15,양화한강공원,양화한강공원,여유,사람이 몰려있을 가능성이 낮고 붐빔은 거의 느껴지지 않아요. 도보 이동이 자유로워요.,300,400,2026-07-08 00:35,350.0
2026-07-08 01:06:15,어린이대공원,어린이대공원,여유,사람이 몰려있을 가능성이 낮고 붐빔은 거의 느껴지지 않아요. 도보 이동이 자유로워요.,2500,3000,2026-07-08 00:35,2750.0
2026-07-08 01:06:15,여의도,여의도,여유,사람이 몰려있을 가능성이 낮고 붐빔은 거의 느껴지지 않아요. 도보 이동이 자유로워요.,32000,34000,2026-07-08 00:35,33000.0
2026-07-08 01:06:15,여의도한강공원,여의도한강공원,여유,사람이 몰려있을 가능성이 낮고 붐빔은 거의 느껴지지 않아요. 도보 이동이 자유로워요.,700,800,2026-07-08 00:35,750.0
2026-07-08 01:06:15,여의서로,여의서로,여유,사람이 몰려있을 가능성이 낮고 붐빔은 거의 느껴지지 않아요. 도보 이동이 자유로워요.,200,300,2026-07-08 00:35,250.0
2026-07-08 01:06:15,역삼역,역삼역,여유,사람이 몰려있을 가능성이 낮고 붐빔은 거의 느껴지지 않아요. 도보 이동이 자유로워요.,12000,14000,2026-07-08 00:35,13000.0
2026-07-08 01:06:15,연남동,연남동,여유,사람이 몰려있을 가능성이 낮고 붐빔은 거의 느껴지지 않아요. 도보 이동이 자유로워요.,6500,7000,2026-07-08 00:35,6750.0
2026-07-08 01:06:15,연신내역,연신내역,여유,사람이 몰려있을 가능성이 낮고 붐빔은 거의 느껴지지 않아요. 도보 이동이 자유로워요.,4000,4500,2026-07-08 00:35,4250.0
2026-07-08 01:06:15,영등포 타임스퀘어,영등포 타임스퀘어,여유,사람이 몰려있을 가능성이 낮고 붐빔은 거의 느껴지지 않아요. 도보 이동이 자유로워요.,4000,4500,2026-07-08 00:35,4250.0
2026-07-08 01:06:15,오목교역·목동운동장,오목교역·목동운동장,여유,사람이 몰려있을 가능성이 낮고 붐빔은 거의 느껴지지 않아요. 도보 이동이 자유로워요.,64000,66000,2026-07-08 00:35,65000.0
2026-07-08 01:06:15,올림픽공원,올림픽공원,여유,사람이 몰려있을 가능성이 낮고 붐빔은 거의 느껴지지 않아요. 도보 이동이 자유로워요.,4000,4500,2026-07-08 00:35,4250.0
2026-07-08 01:06:15,왕십리역,왕십리역,여유,사람이 몰려있을 가능성이 낮고 붐빔은 거의 느껴지지 않아요. 도보 이동이 자유로워요.,16000,18000,2026-07-08 00:35,17000.0
2026-07-08 01:06:15,용리단길,용리단길,여유,사람이 몰려있을 가능성이 낮고 붐빔은 거의 느껴지지 않아요. 도보 이동이 자유로워요.,3000,3500,2026-07-08 00:35,3250.0
2026-07-08 01:06:15,용산역,용산역,여유,사람이 몰려있을 가능성이 낮고 붐빔은 거의 느껴지지 않아요. 도보 이동이 자유로워요.,3000,3500,2026-07-08 00:35,3250.0
2026-07-08 01:06:15,월드컵공원,월드컵공원,여유,사람이 몰려있을 가능성이 낮고 붐빔은 거의 느껴지지 않아요. 도보 이동이 자유로워요.,3000,3500,2026-07-08 00:35,3250.0
2026-07-08 01:06:15,응봉산,응봉산,여유,사람이 몰려있을 가능성이 낮고 붐빔은 거의 느껴지지 않아요. 도보 이동이 자유로워요.,2000,2500,2026-07-08 00:35,2250.0
2026-07-08 01:06:15,이촌한강공원,이촌한강공원,여유,사람이 몰려있을 가능성이 낮고 붐빔은 거의 느껴지지 않아요. 도보 이동이 자유로워요.,1000,1500,2026-07-08 00:35,1250.0
2026-07-08 01:06:15,이태원 관광특구,이태원 관광특구,여유,사람이 몰려있을 가능성이 낮고 붐빔은 거의 느껴지지 않아요. 도보 이동이 자유로워요.,4000,4500,2026-07-08 00:35,4250.0
2026-07-08 01:06:15,이태원 앤틱가구거리,이태원 앤틱가구거리,여유,사람이 몰려있을 가능성이 낮고 붐빔은 거의 느껴지지 않아요. 도보 이동이 자유로워요.,3000,3500,2026-07-08 00:35,3250.0
2026-07-08 01:06:15,이태원역,이태원역,여유,사람이 몰려있을 가능성이 낮고 붐빔은 거의 느껴지지 않아요. 도보 이동이 자유로워요.,2000,2500,2026-07-08 00:35,2250.0
2026-07-08 01:06:15,익선동,익선동,여유,사람이 몰려있을 가능성이 낮고 붐빔은 거의 느껴지지 않아요. 도보 이동이 자유로워요.,3000,3500,2026-07-08 00:35,3250.0
2026-07-08 01:06:15,인사동,인사동,여유,사람이 몰려있을 가능성이 낮고 붐빔은 거의 느껴지지 않아요. 도보 이동이 자유로워요.,3500,4000,2026-07-08 00:35,3750.0
2026-07-08 01:06:15,잠실 관광특구,잠실 관광특구,여유,사람이 몰려있을 가능성이 낮고 붐빔은 거의 느껴지지 않아요. 도보 이동이 자유로워요.,18000,20000,2026-07-08 00:35,19000.0
2026-07-08 01:06:15,잠실롯데타워·석촌호수,잠실롯데타워·석촌호수,여유,사람이 몰려있을 가능성이 낮고 붐빔은 거의 느껴지지 않아요. 도보 이동이 자유로워요.,14000,16000,2026-07-08 00:35,15000.0
2026-07-08 01:06:15,잠실새내역,잠실새내역,여유,사람이 몰려있을 가능성이 낮고 붐빔은 거의 느껴지지 않아요. 도보 이동이 자유로워요.,7000,7500,2026-07-08 00:35,7250.0
2026-07-08 01:06:15,잠실역,잠실역,여유,사람이 몰려있을 가능성이 낮고 붐빔은 거의 느껴지지 않아요. 도보 이동이 자유로워요.,2500,3000,2026-07-08 00:35,2750.0
2026-07-08 01:06:15,잠실종합운동장,잠실종합운동장,여유,사람이 몰려있을 가능성이 낮고 붐빔은 거의 느껴지지 않아요. 도보 이동이 자유로워요.,1000,1500,2026-07-08 00:35,1250.0
2026-07-08 01:06:15,잠실한강공원,잠실한강공원,여유,사람이 몰려있을 가능성이 낮고 붐빔은 거의 느껴지지 않아요. 도보 이동이 자유로워요.,900,1000,2026-07-08 00:35,950.0
2026-07-08 01:06:15,잠원한강공원,잠원한강공원,여유,사람이 몰려있을 가능성이 낮고 붐빔은 거의 느껴지지 않아요. 도보 이동이 자유로워요.,500,600,2026-07-08 00:35,550.0
2026-07-08 01:06:15,장지역,장지역,여유,사람이 몰려있을 가능성이 낮고 붐빔은 거의 느껴지지 않아요. 도보 이동이 자유로워요.,7000,7500,2026-07-08 00:35,7250.0
2026-07-08 01:06:15,장한평역,장한평역,여유,사람이 몰려있을 가능성이 낮고 붐빔은 거의 느껴지지 않아요. 도보 이동이 자유로워요.,5000,5500,2026-07-08 00:35,5250.0
2026-07-08 01:06:15,종로·청계 관광특구,종로·청계 관광특구,여유,사람이 몰려있을 가능성이 낮고 붐빔은 거의 느껴지지 않아요. 도보 이동이 자유로워요.,10000,12000,2026-07-08 00:35,11000.0
2026-07-08 01:06:15,창덕궁·종묘,창덕궁·종묘,여유,사람이 몰려있을 가능성이 낮고 붐빔은 거의 느껴지지 않아요. 도보 이동이 자유로워요.,3000,3500,2026-07-08 00:35,3250.0
2026-07-08 01:06:15,창동 신경제 중심지,창동 신경제 중심지,여유,사람이 몰려있을 가능성이 낮고 붐빔은 거의 느껴지지 않아요. 도보 이동이 자유로워요.,16000,18000,2026-07-08 00:35,17000.0
2026-07-08 01:06:15,천호역,천호역,여유,사람이 몰려있을 가능성이 낮고 붐빔은 거의 느껴지지 않아요. 도보 이동이 자유로워요.,3500,4000,2026-07-08 00:35,3750.0
2026-07-08 01:06:15,청계산,청계산,여유,사람이 몰려있을 가능성이 낮고 붐빔은 거의 느껴지지 않아요. 도보 이동이 자유로워요.,900,1000,2026-07-08 00:35,950.0
2026-07-08 01:06:15,청담동 명품거리,청담동 명품거리,여유,사람이 몰려있을 가능성이 낮고 붐빔은 거의 느껴지지 않아요. 도보 이동이 자유로워요.,1500,2000,2026-07-08 00:35,1750.0
2026-07-08 01:06:15,청량리 제기동 일대 전통시장,청량리 제기동 일대 전통시장,여유,사람이 몰려있을 가능성이 낮고 붐빔은 거의 느껴지지 않아요. 도보 이동이 자유로워요.,6500,7000,2026-07-08 00:35,6750.0
2026-07-08 01:06:15,총신대입구(이수)역,총신대입구(이수)역,여유,사람이 몰려있을 가능성이 낮고 붐빔은 거의 느껴지지 않아요. 도보 이동이 자유로워요.,5000,5500,2026-07-08 00:35,5250.0
2026-07-08 01:06:15,충정로역,충정로역,여유,사람이 몰려있을 가능성이 낮고 붐빔은 거의 느껴지지 않아요. 도보 이동이 자유로워요.,5500,6000,2026-07-08 00:35,5750.0
2026-07-08 01:06:15,합정역,합정역,여유,사람이 몰려있을 가능성이 낮고 붐빔은 거의 느껴지지 않아요. 도보 이동이 자유로워요.,5500,6000,2026-07-08 00:35,5750.0
2026-07-08 01:06:15,해방촌·경리단길,해방촌·경리단길,여유,사람이 몰려있을 가능성이 낮고 붐빔은 거의 느껴지지 않아요. 도보 이동이 자유로워요.,2500,3000,2026-07-08 00:35,2750.0
2026-07-08 01:06:15,혜화역,혜화역,여유,사람이 몰려있을 가능성이 낮고 붐빔은 거의 느껴지지 않아요. 도보 이동이 자유로워요.,7000,7500,2026-07-08 00:35,7250.0
2026-07-08 01:06:15,홍대 관광특구,홍대 관광특구,여유,사람이 몰려있을 가능성이 낮고 붐빔은 거의 느껴지지 않아요. 도보 이동이 자유로워요.,36000,38000,2026-07-08 00:35,37000.0
2026-07-08 01:06:15,홍대입구역(2호선),홍대입구역(2호선),여유,사람이 몰려있을 가능성이 낮고 붐빔은 거의 느껴지지 않아요. 도보 이동이 자유로워요.,7000,7500,2026-07-08 00:35,7250.0
2026-07-08 01:06:15,홍제폭포,홍제폭포,보통,사람이 몰려있을 수 있지만 크게 붐비지는 않아요. 도보 이동에 큰 제약이 없어요.,500,600,2026-07-08 00:35,550.0
2026-07-08 01:06:15,회기역,회기역,여유,사람이 몰려있을 가능성이 낮고 붐빔은 거의 느껴지지 않아요. 도보 이동이 자유로워요.,6500,7000,2026-07-08 00:35,6750.0
